A,Element,Z,HalfLife
1,n,0,613.9 s
1,H,1,stbl
2,H,1,stbl
3,H,1,12.32 y
3,He,2,stbl
3,Li,3,p-unst
4,H,1,139 ys
4,He,2,stbl
4,Li,3,91 ys
5,H,1,>910 ys
5,He,2,700 ys
5,Li,3,370 ys
5,Be,4,n/a
6,H,1,290 ys
6,He,2,806.92 ms
6,Li,3,stbl
6,Be,4,5.0 zs
6,B,5,p-unst
7,H,1,500 ys
7,He,2,2.51 zs
7,Li,3,stbl
7,Be,4,53.22 d
7,B,5,570 ys
8,He,2,119.1 ms
8,Li,3,839.40 ms
8,Be,4,81.9 as
8,B,5,770 ms
8,C,6,3.5 zs
9,He,2,2.5 zs
9,Li,3,178.3 ms
9,Be,4,stbl
9,B,5,800 zs
9,C,6,126.5 ms
10,He,2,3.1 zs
10,Li,3,2.0 zs
10,Be,4,1.51 My
10,B,5,stbl
10,C,6,19.3009 s
10,N,7,200 ys
11,Li,3,8.75 ms
11,Be,4,13.76 s
11,B,5,stbl
11,C,6,20.364 m
11,N,7,550 ys
12,Li,3,<10 ns
12,Be,4,21.50 ms
12,B,5,20.20 ms
12,C,6,stbl
12,N,7,11.000 ms
12,O,8,>6.3 zs
13,Li,3,3.3 zs
13,Be,4,1.0 zs
13,B,5,17.33 ms
13,C,6,stbl
13,N,7,9.965 m
13,O,8,8.58 ms
14,Be,4,4.35 ms
14,B,5,12.5 ms
14,C,6,5.70 ky
14,N,7,stbl
14,O,8,70.620 s
14,F,9,500 ys
15,Be,4,790 ys
15,B,5,9.93 ms
15,C,6,2.449 s
15,N,7,stbl
15,O,8,122.24 s
15,F,9,1.1 zs
15,Ne,10,770 ys
16,Be,4,650 ys
16,B,5,>4.6 zs
16,C,6,747 ms
16,N,7,7.13 s
16,O,8,stbl
16,F,9,11 zs
16,Ne,10,>5.7 zs
17,B,5,5.08 ms
17,C,6,193 ms
17,N,7,4.173 s
17,O,8,stbl
17,F,9,64.370 s
17,Ne,10,109.2 ms
17,Na,11,n/a
18,B,5,<26 ns
18,C,6,92 ms
18,N,7,619.2 ms
18,O,8,stbl
18,F,9,109.739 m
18,Ne,10,1664.20 ms
18,Na,11,1.3 zs
19,B,5,2.92 ms
19,C,6,46.2 ms
19,N,7,336 ms
19,O,8,26.470 s
19,F,9,stbl
19,Ne,10,17.274 s
19,Na,11,>1 as
19,Mg,12,5 ps
20,B,5,n/a
20,C,6,16 ms
20,N,7,136 ms
20,O,8,13.51 s
20,F,9,11.163 s
20,Ne,10,stbl
20,Na,11,447.9 ms
20,Mg,12,93 ms
21,B,5,<260ns
21,C,6,<30ns
21,N,7,84 ms
21,O,8,3.42 s
21,F,9,4.158 s
21,Ne,10,stbl
21,Na,11,22.422 s
21,Mg,12,118.6 ms
21,Al,13,<35ns
22,C,6,6.2 ms
22,N,7,23 ms
22,O,8,2.25 s
22,F,9,4.23 s
22,Ne,10,stbl
22,Na,11,2.6018 y
22,Mg,12,3.8755 s
22,Al,13,91.1 ms
22,Si,14,29 ms
23,C,6,n/a
23,N,7,13.9 ms
23,O,8,97 ms
23,F,9,2.23 s
23,Ne,10,37.140 s
23,Na,11,stbl
23,Mg,12,11.317 s
23,Al,13,470 ms
23,Si,14,42.3 ms
24,N,7,<52ns
24,O,8,77.4 ms
24,F,9,384 ms
24,Ne,10,3.38 m
24,Na,11,14.957 h
24,Mg,12,stbl
24,Al,13,2.053 s
24,Si,14,140 ms
24,P,15,n/a
25,N,7,<260ns
25,O,8,5.18 zs
25,F,9,80 ms
25,Ne,10,602 ms
25,Na,11,59.1 s
25,Mg,12,stbl
25,Al,13,7.183 s
25,Si,14,220 ms
25,P,15,<30ns
26,O,8,4.2 ps
26,F,9,8.2 ms
26,Ne,10,197 ms
26,Na,11,1071.28 ms
26,Mg,12,stbl
26,Al,13,717 ky
26,Si,14,2.2453 s
26,P,15,43.7 ms
26,S,16,<79ns
27,O,8,<260ns
27,F,9,4.9 ms
27,Ne,10,31.5 ms
27,Na,11,301 ms
27,Mg,12,9.435 m
27,Al,13,stbl
27,Si,14,4.15 s
27,P,15,260 ms
27,S,16,15.5 ms
28,O,8,<100ns
28,F,9,46 zs
28,Ne,10,20 ms
28,Na,11,30.5 ms
28,Mg,12,20.915 h
28,Al,13,2.245 m
28,Si,14,stbl
28,P,15,270.3 ms
28,S,16,125 ms
28,Cl,17,n/a
29,F,9,2.5 ms
29,Ne,10,14.7 ms
29,Na,11,44.1 ms
29,Mg,12,1.30 s
29,Al,13,6.56 m
29,Si,14,stbl
29,P,15,4.142 s
29,S,16,188 ms
29,Cl,17,<10ps
30,F,9,<260ns
30,Ne,10,7.22 ms
30,Na,11,48.4 ms
30,Mg,12,313 ms
30,Al,13,3.62 s
30,Si,14,stbl
30,P,15,2.498 m
30,S,16,1.1759 s
30,Cl,17,<30ns
30,Ar,18,<10ps
31,F,9,1 ms
31,Ne,10,3.4 ms
31,Na,11,17.35 ms
31,Mg,12,236 ms
31,Al,13,644 ms
31,Si,14,157.36 m
31,P,15,stbl
31,S,16,2.5534 s
31,Cl,17,190 ms
31,Ar,18,15.1 ms
32,Ne,10,3.5 ms
32,Na,11,12.9 ms
32,Mg,12,86 ms
32,Al,13,33.0 ms
32,Si,14,153 y
32,P,15,14.268 d
32,S,16,stbl
32,Cl,17,298 ms
32,Ar,18,98 ms
32,K,19,n/a
33,Ne,10,<260ns
33,Na,11,8.2 ms
33,Mg,12,90.5 ms
33,Al,13,41.7 ms
33,Si,14,6.18 s
33,P,15,25.35 d
33,S,16,stbl
33,Cl,17,2.5038 s
33,Ar,18,173.0 ms
33,K,19,<25ns
34,Ne,10,1 ms
34,Na,11,5.5 ms
34,Mg,12,20 ms
34,Al,13,56.3 ms
34,Si,14,2.77 s
34,P,15,12.43 s
34,S,16,stbl
34,Cl,17,1.5266 s
34,Ar,18,843.8 ms
34,K,19,<40ns
34,Ca,20,<35ns
35,Na,11,1.5 ms
35,Mg,12,70 ms
35,Al,13,37.2 ms
35,Si,14,780 ms
35,P,15,47.3 s
35,S,16,87.37 d
35,Cl,17,stbl
35,Ar,18,1.7756 s
35,K,19,178 ms
35,Ca,20,25.7 ms
36,Na,11,<180ns
36,Mg,12,3.9 ms
36,Al,13,90 ms
36,Si,14,450 ms
36,P,15,5.6 s
36,S,16,stbl
36,Cl,17,301.3 ky
36,Ar,18,stbl
36,K,19,341 ms
36,Ca,20,101.2 ms
36,Sc,21,n/a
37,Na,11,1 ms
37,Mg,12,8 ms
37,Al,13,11.5 ms
37,Si,14,90 ms
37,P,15,2.31 s
37,S,16,5.05 m
37,Cl,17,stbl
37,Ar,18,35.011 d
37,K,19,1.2365 s
37,Ca,20,181.1 ms
37,Sc,21,n/a
38,Mg,12,1 ms
38,Al,13,9.0 ms
38,Si,14,90 ms
38,P,15,640 ms
38,S,16,170.3 m
38,Cl,17,37.24 m
38,Ar,18,stbl
38,K,19,7.636 m
38,Ca,20,443.70 ms
38,Sc,21,<300ns
38,Ti,22,<120ns
39,Mg,12,<180ns
39,Al,13,7.6 ms
39,Si,14,47.5 ms
39,P,15,282 ms
39,S,16,11.5 s
39,Cl,17,56.2 m
39,Ar,18,269 y
39,K,19,stbl
39,Ca,20,860.3 ms
39,Sc,21,<300 ns
39,Ti,22,28.5 ms
40,Mg,12,1 ms
40,Al,13,10 ms
40,Si,14,33.0 ms
40,P,15,150 ms
40,S,16,8.8 s
40,Cl,17,1.35 m
40,Ar,18,stbl
40,K,19,1.248 Gy
40,Ca,20,stbl
40,Sc,21,182.3 ms
40,Ti,22,52.4 ms
40,V,23,n/a
41,Al,13,2 ms
41,Si,14,20.0 ms
41,P,15,101 ms
41,S,16,1.99 s
41,Cl,17,38.4 s
41,Ar,18,109.61 m
41,K,19,stbl
41,Ca,20,99.4 ky
41,Sc,21,596.3 ms
41,Ti,22,81.9 ms
41,V,23,n/a
42,Al,13,1 ms
42,Si,14,12.5 ms
42,P,15,48.5 ms
42,S,16,1.016 s
42,Cl,17,6.8 s
42,Ar,18,32.9 y
42,K,19,12.355 h
42,Ca,20,stbl
42,Sc,21,680.79 ms
42,Ti,22,208.65 ms
42,V,23,<55ns
42,Cr,24,13.3 ms
43,Al,13,1 ms
43,Si,14,15 ms
43,P,15,35.8 ms
43,S,16,265 ms
43,Cl,17,3.13 s
43,Ar,18,5.37 m
43,K,19,22.3 h
43,Ca,20,stbl
43,Sc,21,3.891 h
43,Ti,22,509 ms
43,V,23,79.3 ms
43,Cr,24,21.1 ms
44,Si,14,10 ms
44,P,15,18.5 ms
44,S,16,100 ms
44,Cl,17,560 ms
44,Ar,18,11.87 m
44,K,19,22.13 m
44,Ca,20,stbl
44,Sc,21,4.0420 h
44,Ti,22,59.1 y
44,V,23,111 ms
44,Cr,24,42.8 ms
44,Mn,25,<105ns
45,Si,14,1 ms
45,P,15,8 ms
45,S,16,68 ms
45,Cl,17,413 ms
45,Ar,18,21.48 s
45,K,19,17.8 m
45,Ca,20,162.61 d
45,Sc,21,stbl
45,Ti,22,184.8 m
45,V,23,547 ms
45,Cr,24,60.9 ms
45,Mn,25,<70ns
45,Fe,26,2.2 ms
46,P,15,4 ms
46,S,16,50 ms
46,Cl,17,232 ms
46,Ar,18,8.4 s
46,K,19,105 s
46,Ca,20,stbl
46,Sc,21,83.80 d
46,Ti,22,stbl
46,V,23,422.64 ms
46,Cr,24,224.3 ms
46,Mn,25,36.2 ms
46,Fe,26,13.0 ms
47,P,15,2 ms
47,S,16,20 ms
47,Cl,17,101 ms
47,Ar,18,1.23 s
47,K,19,17.50 s
47,Ca,20,4.536 d
47,Sc,21,3.3492 d
47,Ti,22,stbl
47,V,23,32.6 m
47,Cr,24,500 ms
47,Mn,25,88.0 ms
47,Fe,26,21.9 ms
47,Co,27,n/a
48,S,16,10 ms
48,Cl,17,100 ms
48,Ar,18,415 ms
48,K,19,6.8 s
48,Ca,20,45 Ey
48,Sc,21,43.67 h
48,Ti,22,stbl
48,V,23,15.9735 d
48,Cr,24,21.56 h
48,Mn,25,158.1 ms
48,Fe,26,45.3 ms
48,Co,27,n/a
48,Ni,28,2.8 ms
49,S,16,<200ns
49,Cl,17,50 ms
49,Ar,18,236 ms
49,K,19,1.26 s
49,Ca,20,8.718 m
49,Sc,21,57.18 m
49,Ti,22,stbl
49,V,23,330 d
49,Cr,24,42.3 m
49,Mn,25,382 ms
49,Fe,26,64.7 ms
49,Co,27,<35ns
49,Ni,28,7.5 ms
50,Cl,17,20 ms
50,Ar,18,106 ms
50,K,19,472 ms
50,Ca,20,13.9 s
50,Sc,21,102.5 s
50,Ti,22,stbl
50,V,23,150 Py
50,Cr,24,stbl
50,Mn,25,283.19 ms
50,Fe,26,152.1 ms
50,Co,27,38.8 ms
50,Ni,28,18.5 ms
51,Cl,17,2 ms
51,Ar,18,60 ms
51,K,19,365 ms
51,Ca,20,10.0 s
51,Sc,21,12.4 s
51,Ti,22,5.76 m
51,V,23,stbl
51,Cr,24,27.7010 d
51,Mn,25,46.2 m
51,Fe,26,305.4 ms
51,Co,27,68.8 ms
51,Ni,28,23.8 ms
52,Ar,18,10 ms
52,K,19,110 ms
52,Ca,20,4.6 s
52,Sc,21,8.2 s
52,Ti,22,1.7 m
52,V,23,3.743 m
52,Cr,24,stbl
52,Mn,25,5.591 d
52,Fe,26,8.275 h
52,Co,27,111.1 ms
52,Ni,28,41.8 ms
52,Cu,29,n/a
53,Ar,18,3 ms
53,K,19,30 ms
53,Ca,20,461 ms
53,Sc,21,2.4 s
53,Ti,22,32.7 s
53,V,23,1.543 m
53,Cr,24,stbl
53,Mn,25,3.7 My
53,Fe,26,8.51 m
53,Co,27,242 ms
53,Ni,28,55.2 ms
53,Cu,29,<130ns
54,K,19,10 ms
54,Ca,20,90 ms
54,Sc,21,526 ms
54,Ti,22,2.1 s
54,V,23,49.8 s
54,Cr,24,stbl
54,Mn,25,312.20 d
54,Fe,26,stbl
54,Co,27,193.28 ms
54,Ni,28,114.2 ms
54,Cu,29,<75ns
54,Zn,30,1.8 ms
55,K,19,3 ms
55,Ca,20,22 ms
55,Sc,21,96 ms
55,Ti,22,1.3 s
55,V,23,6.54 s
55,Cr,24,3.497 m
55,Mn,25,stbl
55,Fe,26,2.744 y
55,Co,27,17.53 h
55,Ni,28,204.7 ms
55,Cu,29,57 ms
55,Zn,30,19.8 ms
56,K,19,1 ms
56,Ca,20,11 ms
56,Sc,21,26 ms
56,Ti,22,200 ms
56,V,23,216 ms
56,Cr,24,5.94 m
56,Mn,25,2.5789 h
56,Fe,26,stbl
56,Co,27,77.236 d
56,Ni,28,6.075 d
56,Cu,29,93 ms
56,Zn,30,32.9 ms
56,Ga,31,n/a
57,Ca,20,5 ms
57,Sc,21,22 ms
57,Ti,22,95 ms
57,V,23,350 ms
57,Cr,24,21.1 s
57,Mn,25,85.4 s
57,Fe,26,stbl
57,Co,27,271.70 d
57,Ni,28,35.60 h
57,Cu,29,196.3 ms
57,Zn,30,38 ms
57,Ga,31,n/a
58,Ca,20,3 ms
58,Sc,21,12 ms
58,Ti,22,55 ms
58,V,23,191 ms
58,Cr,24,7.0 s
58,Mn,25,3.0 s
58,Fe,26,stbl
58,Co,27,70.86 d
58,Ni,28,stbl
58,Cu,29,3.204 s
58,Zn,30,86.7 ms
58,Ga,31,n/a
58,Ge,32,n/a
59,Sc,21,10 ms
59,Ti,22,28.5 ms
59,V,23,95 ms
59,Cr,24,1050 ms
59,Mn,25,4.59 s
59,Fe,26,44.495 d
59,Co,27,stbl
59,Ni,28,81 ky
59,Cu,29,81.5 s
59,Zn,30,182.0 ms
59,Ga,31,<43ns
59,Ge,32,8 ms
60,Sc,21,3 ms
60,Ti,22,22.2 ms
60,V,23,122 ms
60,Cr,24,490 ms
60,Mn,25,280 ms
60,Fe,26,2.62 My
60,Co,27,5.2712 y
60,Ni,28,stbl
60,Cu,29,23.7 m
60,Zn,30,2.38 m
60,Ga,31,70 ms
60,Ge,32,30 ms
60,As,33,n/a
61,Sc,21,2 ms
61,Ti,22,15 ms
61,V,23,48.2 ms
61,Cr,24,243 ms
61,Mn,25,709 ms
61,Fe,26,5.98 m
61,Co,27,1.649 h
61,Ni,28,stbl
61,Cu,29,3.339 h
61,Zn,30,89.1 s
61,Ga,31,167 ms
61,Ge,32,44 ms
61,As,33,n/a
62,Ti,22,10 ms
62,V,23,33.6 ms
62,Cr,24,206 ms
62,Mn,25,92 ms
62,Fe,26,68 s
62,Co,27,1.54 m
62,Ni,28,stbl
62,Cu,29,9.67 m
62,Zn,30,9.193 h
62,Ga,31,116.121 ms
62,Ge,32,129 ms
62,As,33,n/a
63,Ti,22,3 ms
63,V,23,19.6 ms
63,Cr,24,129 ms
63,Mn,25,275 ms
63,Fe,26,6.1 s
63,Co,27,26.9 s
63,Ni,28,101.2 y
63,Cu,29,stbl
63,Zn,30,38.47 m
63,Ga,31,32.4 s
63,Ge,32,142 ms
63,As,33,<43ns
64,Ti,22,4 ms
64,V,23,15 ms
64,Cr,24,43 ms
64,Mn,25,88.8 ms
64,Fe,26,2.0 s
64,Co,27,300 ms
64,Ni,28,stbl
64,Cu,29,12.7004 h
64,Zn,30,stbl
64,Ga,31,2.627 m
64,Ge,32,63.7 s
64,As,33,40 ms
64,Se,34,30 ms
65,V,23,10 ms
65,Cr,24,27.5 ms
65,Mn,25,91.9 ms
65,Fe,26,810 ms
65,Co,27,1.16 s
65,Ni,28,2.5175 h
65,Cu,29,stbl
65,Zn,30,243.93 d
65,Ga,31,15.2 m
65,Ge,32,30.9 s
65,As,33,170 ms
65,Se,34,33 ms
66,V,23,5 ms
66,Cr,24,23.8 ms
66,Mn,25,64.2 ms
66,Fe,26,351 ms
66,Co,27,194 ms
66,Ni,28,54.6 h
66,Cu,29,5.120 m
66,Zn,30,stbl
66,Ga,31,9.304 h
66,Ge,32,2.26 h
66,As,33,95.77 ms
66,Se,34,33 ms
67,V,23,2 ms
67,Cr,24,10 ms
67,Mn,25,46.7 ms
67,Fe,26,394 ms
67,Co,27,329 ms
67,Ni,28,21 s
67,Cu,29,61.83 h
67,Zn,30,stbl
67,Ga,31,3.2617 d
67,Ge,32,18.9 m
67,As,33,42.5 s
67,Se,34,133 ms
67,Br,35,n/a
68,Cr,24,5 ms
68,Mn,25,33.7 ms
68,Fe,26,188 ms
68,Co,27,200 ms
68,Ni,28,29 s
68,Cu,29,30.9 s
68,Zn,30,stbl
68,Ga,31,67.845 m
68,Ge,32,270.93 d
68,As,33,151.6 s
68,Se,34,35.5 s
68,Br,35,<1.5us
69,Cr,24,2 ms
69,Mn,25,22.1 ms
69,Fe,26,108.2 ms
69,Co,27,180 ms
69,Ni,28,11.4 s
69,Cu,29,2.85 m
69,Zn,30,56.4 m
69,Ga,31,stbl
69,Ge,32,39.05 h
69,As,33,15.2 m
69,Se,34,27.4 s
69,Br,35,<24 ns
69,Kr,36,28 ms
70,Cr,24,1 ms
70,Mn,25,19.9 ms
70,Fe,26,63.0 ms
70,Co,27,112 ms
70,Ni,28,6.0 s
70,Cu,29,44.5 s
70,Zn,30,stbl
70,Ga,31,21.14 m
70,Ge,32,stbl
70,As,33,52.6 m
70,Se,34,41.1 m
70,Br,35,79.1 ms
70,Kr,36,52 ms
71,Mn,25,5 ms
71,Fe,26,33.7 ms
71,Co,27,80 ms
71,Ni,28,2.56 s
71,Cu,29,19.4 s
71,Zn,30,2.45 m
71,Ga,31,stbl
71,Ge,32,11.43 d
71,As,33,65.30 h
71,Se,34,4.74 m
71,Br,35,21.4 s
71,Kr,36,100 ms
71,Rb,37,n/a
72,Mn,25,2 ms
72,Fe,26,19 ms
72,Co,27,52.5 ms
72,Ni,28,1.57 s
72,Cu,29,6.63 s
72,Zn,30,46.5 h
72,Ga,31,14.025 h
72,Ge,32,stbl
72,As,33,26.0 h
72,Se,34,8.40 d
72,Br,35,78.6 s
72,Kr,36,17.16 s
72,Rb,37,<1.5us
73,Fe,26,12.9 ms
73,Co,27,40.7 ms
73,Ni,28,840 ms
73,Cu,29,4.2 s
73,Zn,30,23.5 s
73,Ga,31,4.86 h
73,Ge,32,stbl
73,As,33,80.30 d
73,Se,34,7.15 h
73,Br,35,3.4 m
73,Kr,36,27.3 s
73,Rb,37,<30ns
73,Sr,38,>25 ms
74,Fe,26,2 ms
74,Co,27,31.3 ms
74,Ni,28,507.7 ms
74,Cu,29,1.63 s
74,Zn,30,95.6 s
74,Ga,31,8.12 m
74,Ge,32,stbl
74,As,33,17.77 d
74,Se,34,stbl
74,Br,35,25.4 m
74,Kr,36,11.50 m
74,Rb,37,64.776 ms
74,Sr,38,27 ms
75,Fe,26,2 ms
75,Co,27,26.5 ms
75,Ni,28,331.6 ms
75,Cu,29,1.224 s
75,Zn,30,10.2 s
75,Ga,31,126 s
75,Ge,32,82.78 m
75,As,33,stbl
75,Se,34,119.78 d
75,Br,35,96.7 m
75,Kr,36,4.60 m
75,Rb,37,19.0 s
75,Sr,38,88 ms
75,Y,39,100 us
76,Co,27,23 ms
76,Ni,28,234.6 ms
76,Cu,29,637.7 ms
76,Zn,30,5.7 s
76,Ga,31,32.6 s
76,Ge,32,1.66 Zy
76,As,33,1.0778 d
76,Se,34,stbl
76,Br,35,16.2 h
76,Kr,36,14.8 h
76,Rb,37,36.5 s
76,Sr,38,7.89 s
76,Y,39,120 us
77,Co,27,15 ms
77,Ni,28,158.9 ms
77,Cu,29,467.9 ms
77,Zn,30,2.08 s
77,Ga,31,13.2 s
77,Ge,32,11.211 h
77,As,33,38.79 h
77,Se,34,stbl
77,Br,35,57.04 h
77,Kr,36,74.4 m
77,Rb,37,3.78 m
77,Sr,38,9.0 s
77,Y,39,63 ms
77,Zr,40,100 us
78,Ni,28,122.2 ms
78,Cu,29,330.7 ms
78,Zn,30,1.47 s
78,Ga,31,5.09 s
78,Ge,32,88.0 m
78,As,33,90.7 m
78,Se,34,stbl
78,Br,35,6.45 m
78,Kr,36,stbl
78,Rb,37,17.66 m
78,Sr,38,156.1 s
78,Y,39,54 ms
78,Zr,40,50 ms
79,Ni,28,44 ms
79,Cu,29,241.0 ms
79,Zn,30,746 ms
79,Ga,31,2.848 s
79,Ge,32,18.98 s
79,As,33,9.01 m
79,Se,34,327 ky
79,Br,35,stbl
79,Kr,36,35.04 h
79,Rb,37,22.9 m
79,Sr,38,2.25 m
79,Y,39,14.8 s
79,Zr,40,56 ms
79,Nb,41,n/a
80,Ni,28,30 ms
80,Cu,29,113.3 ms
80,Zn,30,562.2 ms
80,Ga,31,1.9 s
80,Ge,32,29.5 s
80,As,33,15.2 s
80,Se,34,stbl
80,Br,35,17.68 m
80,Kr,36,stbl
80,Rb,37,33.4 s
80,Sr,38,106.3 m
80,Y,39,30.1 s
80,Zr,40,4.6 s
80,Nb,41,n/a
81,Cu,29,73.2 ms
81,Zn,30,303.2 ms
81,Ga,31,1.217 s
81,Ge,32,8 s
81,As,33,33.3 s
81,Se,34,18.45 m
81,Br,35,stbl
81,Kr,36,229 ky
81,Rb,37,4.572 h
81,Sr,38,22.3 m
81,Y,39,70.4 s
81,Zr,40,5.5 s
81,Nb,41,<44 ns
81,Mo,42,1 ms
82,Cu,29,50 ms
82,Zn,30,177.9 ms
82,Ga,31,599 ms
82,Ge,32,4.56 s
82,As,33,19.1 s
82,Se,34,92 Ey
82,Br,35,35.282 h
82,Kr,36,stbl
82,Rb,37,1.273 m
82,Sr,38,25.36 d
82,Y,39,8.30 s
82,Zr,40,32 s
82,Nb,41,50 ms
82,Mo,42,30 ms
83,Zn,30,119 ms
83,Ga,31,308.1 ms
83,Ge,32,1.85 s
83,As,33,13.4 s
83,Se,34,22.25 m
83,Br,35,2.374 h
83,Kr,36,stbl
83,Rb,37,86.2 d
83,Sr,38,32.41 h
83,Y,39,7.08 m
83,Zr,40,42 s
83,Nb,41,3.9 s
83,Mo,42,23 ms
83,Tc,43,n/a
84,Zn,30,50 ms
84,Ga,31,85 ms
84,Ge,32,951 ms
84,As,33,4.02 s
84,Se,34,3.26 m
84,Br,35,31.76 m
84,Kr,36,stbl
84,Rb,37,32.82 d
84,Sr,38,stbl
84,Y,39,39.5 m
84,Zr,40,25.8 m
84,Nb,41,9.8 s
84,Mo,42,2.3 s
84,Tc,43,n/a
85,Zn,30,50 ms
85,Ga,31,92.2 ms
85,Ge,32,494 ms
85,As,33,2.021 s
85,Se,34,32.9 s
85,Br,35,2.90 m
85,Kr,36,10.739 y
85,Rb,37,stbl
85,Sr,38,64.849 d
85,Y,39,2.68 h
85,Zr,40,7.86 m
85,Nb,41,20.5 s
85,Mo,42,3.2 s
85,Tc,43,<110ns
85,Ru,44,1 ms
86,Ga,31,47 ms
86,Ge,32,226 ms
86,As,33,945 ms
86,Se,34,14.3 s
86,Br,35,55.1 s
86,Kr,36,stbl
86,Rb,37,18.642 d
86,Sr,38,stbl
86,Y,39,14.74 h
86,Zr,40,16.5 h
86,Nb,41,88 s
86,Mo,42,19.1 s
86,Tc,43,55 ms
86,Ru,44,50 ms
87,Ga,31,10 ms
87,Ge,32,150 ms
87,As,33,492 ms
87,Se,34,5.50 s
87,Br,35,55.65 s
87,Kr,36,76.3 m
87,Rb,37,49.7 Gy
87,Sr,38,stbl
87,Y,39,79.8 h
87,Zr,40,1.68 h
87,Nb,41,3.7 m
87,Mo,42,14.1 s
87,Tc,43,2.2 s
87,Ru,44,50 ms
88,Ge,32,100 ms
88,As,33,270 ms
88,Se,34,1.53 s
88,Br,35,16.34 s
88,Kr,36,2.825 h
88,Rb,37,17.773 m
88,Sr,38,stbl
88,Y,39,106.626 d
88,Zr,40,83.4 d
88,Nb,41,14.50 m
88,Mo,42,8.0 m
88,Tc,43,6.4 s
88,Ru,44,1.3 s
88,Rh,45,1 ms
89,Ge,32,50 ms
89,As,33,200 ms
89,Se,34,430 ms
89,Br,35,4.357 s
89,Kr,36,3.15 m
89,Rb,37,15.32 m
89,Sr,38,50.563 d
89,Y,39,stbl
89,Zr,40,78.41 h
89,Nb,41,2.03 h
89,Mo,42,2.11 m
89,Tc,43,12.8 s
89,Ru,44,1.5 s
89,Rh,45,10 ms
90,Ge,32,50 ms
90,As,33,80 ms
90,Se,34,210 ms
90,Br,35,1.910 s
90,Kr,36,32.32 s
90,Rb,37,158 s
90,Sr,38,28.79 y
90,Y,39,64.00 h
90,Zr,40,stbl
90,Nb,41,14.60 h
90,Mo,42,5.56 h
90,Tc,43,49.2 s
90,Ru,44,11 s
90,Rh,45,15 ms
90,Pd,46,10 ms
91,As,33,50 ms
91,Se,34,270 ms
91,Br,35,543 ms
91,Kr,36,8.57 s
91,Rb,37,58.2 s
91,Sr,38,9.65 h
91,Y,39,58.51 d
91,Zr,40,stbl
91,Nb,41,680 y
91,Mo,42,15.49 m
91,Tc,43,3.14 m
91,Ru,44,8.0 s
91,Rh,45,1.60 s
91,Pd,46,10 ms
92,As,33,30 ms
92,Se,34,100 ms
92,Br,35,0.314 s
92,Kr,36,1.840 s
92,Rb,37,4.48 s
92,Sr,38,2.611 h
92,Y,39,3.54 h
92,Zr,40,stbl
92,Nb,41,34.7 My
92,Mo,42,stbl
92,Tc,43,4.25 m
92,Ru,44,3.65 m
92,Rh,45,4.66 s
92,Pd,46,1.1 s
92,Ag,47,1 ms
93,Se,34,50 ms
93,Br,35,152 ms
93,Kr,36,1.286 s
93,Rb,37,5.84 s
93,Sr,38,7.43 m
93,Y,39,10.18 h
93,Zr,40,1.61 My
93,Nb,41,stbl
93,Mo,42,4.0 ky
93,Tc,43,2.75 h
93,Ru,44,59.7 s
93,Rh,45,13.9 s
93,Pd,46,1.15 s
93,Ag,47,20 ms
94,Se,34,20 ms
94,Br,35,70 ms
94,Kr,36,212 ms
94,Rb,37,2.702 s
94,Sr,38,75.3 s
94,Y,39,18.7 m
94,Zr,40,stbl
94,Nb,41,20.4 ky
94,Mo,42,stbl
94,Tc,43,293 m
94,Ru,44,51.8 m
94,Rh,45,70.6 s
94,Pd,46,9.0 s
94,Ag,47,37 ms
94,Cd,48,80 ms
95,Se,34,10 ms
95,Br,35,50 ms
95,Kr,36,114 ms
95,Rb,37,377.7 ms
95,Sr,38,23.90 s
95,Y,39,10.3 m
95,Zr,40,64.032 d
95,Nb,41,34.991 d
95,Mo,42,stbl
95,Tc,43,20.0 h
95,Ru,44,1.643 h
95,Rh,45,5.02 m
95,Pd,46,7.5 s
95,Ag,47,1.76 s
95,Cd,48,90 ms
96,Br,35,20 ms
96,Kr,36,80 ms
96,Rb,37,201 ms
96,Sr,38,1.07 s
96,Y,39,5.34 s
96,Zr,40,23 Ey
96,Nb,41,23.35 h
96,Mo,42,stbl
96,Tc,43,4.28 d
96,Ru,44,stbl
96,Rh,45,9.90 m
96,Pd,46,122 s
96,Ag,47,4.44 s
96,Cd,48,880 ms
96,In,49,1 ms
97,Br,35,10 ms
97,Kr,36,62.2 ms
97,Rb,37,169.1 ms
97,Sr,38,429 ms
97,Y,39,3.75 s
97,Zr,40,16.749 h
97,Nb,41,72.1 m
97,Mo,42,stbl
97,Tc,43,4.21 My
97,Ru,44,2.8370 d
97,Rh,45,30.7 m
97,Pd,46,3.10 m
97,Ag,47,25.5 s
97,Cd,48,1.10 s
97,In,49,50 ms
98,Br,35,5 ms
98,Kr,36,42.8 ms
98,Rb,37,114 ms
98,Sr,38,653 ms
98,Y,39,548 ms
98,Zr,40,30.7 s
98,Nb,41,2.86 s
98,Mo,42,stbl
98,Tc,43,4.2 My
98,Ru,44,stbl
98,Rh,45,8.72 m
98,Pd,46,17.7 m
98,Ag,47,47.5 s
98,Cd,48,9.2 s
98,In,49,37 ms
99,Kr,36,40 ms
99,Rb,37,56.4 ms
99,Sr,38,269 ms
99,Y,39,1.484 s
99,Zr,40,2.1 s
99,Nb,41,15.0 s
99,Mo,42,65.976 h
99,Tc,43,211.1 ky
99,Ru,44,stbl
99,Rh,45,16.1 d
99,Pd,46,21.4 m
99,Ag,47,2.07 m
99,Cd,48,16 s
99,In,49,3.1 s
99,Sn,50,5 ms
100,Kr,36,12 ms
100,Rb,37,48 ms
100,Sr,38,202 ms
100,Y,39,735 ms
100,Zr,40,7.1 s
100,Nb,41,1.5 s
100,Mo,42,7.1 Ey
100,Tc,43,15.46 s
100,Ru,44,stbl
100,Rh,45,20.8 h
100,Pd,46,3.63 d
100,Ag,47,2.01 m
100,Cd,48,49.1 s
100,In,49,5.83 s
100,Sn,50,1.16 s
101,Kr,36,5 ms
101,Rb,37,31.8 ms
101,Sr,38,113.8 ms
101,Y,39,426 ms
101,Zr,40,2.3 s
101,Nb,41,7.1 s
101,Mo,42,14.61 m
101,Tc,43,14.22 m
101,Ru,44,stbl
101,Rh,45,3.3 y
101,Pd,46,8.47 h
101,Ag,47,11.1 m
101,Cd,48,1.36 m
101,In,49,15.1 s
101,Sn,50,1.97 s
102,Rb,37,37 ms
102,Sr,38,69 ms
102,Y,39,298 ms
102,Zr,40,2.9 s
102,Nb,41,4.3 s
102,Mo,42,11.3 m
102,Tc,43,5.28 s
102,Ru,44,stbl
102,Rh,45,207.0 d
102,Pd,46,stbl
102,Ag,47,12.9 m
102,Cd,48,5.5 m
102,In,49,23.3 s
102,Sn,50,3.8 s
103,Rb,37,26 ms
103,Sr,38,53 ms
103,Y,39,239 ms
103,Zr,40,1.38 s
103,Nb,41,1.5 s
103,Mo,42,67.5 s
103,Tc,43,54.2 s
103,Ru,44,39.247 d
103,Rh,45,stbl
103,Pd,46,16.991 d
103,Ag,47,65.7 m
103,Cd,48,7.3 m
103,In,49,60 s
103,Sn,50,7.0 s
103,Sb,51,<49ns
104,Sr,38,50.6 ms
104,Y,39,197 ms
104,Zr,40,920 ms
104,Nb,41,4.9 s
104,Mo,42,60 s
104,Tc,43,18.3 m
104,Ru,44,stbl
104,Rh,45,42.3 s
104,Pd,46,stbl
104,Ag,47,69.2 m
104,Cd,48,57.7 m
104,In,49,1.80 m
104,Sn,50,20.8 s
104,Sb,51,470 ms
105,Sr,38,39 ms
105,Y,39,95 ms
105,Zr,40,670 ms
105,Nb,41,2.95 s
105,Mo,42,35.6 s
105,Tc,43,7.6 m
105,Ru,44,4.44 h
105,Rh,45,35.357 h
105,Pd,46,stbl
105,Ag,47,41.29 d
105,Cd,48,55.5 m
105,In,49,5.07 m
105,Sn,50,34 s
105,Sb,51,1.12 s
105,Te,52,633 ns
106,Sr,38,21 ms
106,Y,39,74 ms
106,Zr,40,178.6 ms
106,Nb,41,1050 ms
106,Mo,42,8.73 s
106,Tc,43,35.6 s
106,Ru,44,371.8 d
106,Rh,45,30.07 s
106,Pd,46,stbl
106,Ag,47,23.96 m
106,Cd,48,stbl
106,In,49,6.2 m
106,Sn,50,1.92 m
106,Sb,51,600 ms
106,Te,52,78 us
107,Sr,38,10 ms
107,Y,39,33.5 ms
107,Zr,40,145.7 ms
107,Nb,41,289 ms
107,Mo,42,3.5 s
107,Tc,43,21.2 s
107,Ru,44,3.75 m
107,Rh,45,21.7 m
107,Pd,46,6.5 My
107,Ag,47,stbl
107,Cd,48,6.50 h
107,In,49,32.4 m
107,Sn,50,2.90 m
107,Sb,51,4.0 s
107,Te,52,3.1 ms
107,I,53,20 us
108,Y,39,30 ms
108,Zr,40,78.5 ms
108,Nb,41,198 ms
108,Mo,42,1.105 s
108,Tc,43,5.17 s
108,Ru,44,4.55 m
108,Rh,45,16.8 s
108,Pd,46,stbl
108,Ag,47,2.382 m
108,Cd,48,stbl
108,In,49,58.0 m
108,Sn,50,10.30 m
108,Sb,51,7.4 s
108,Te,52,2.1 s
108,I,53,36 ms
109,Y,39,25 ms
109,Zr,40,56 ms
109,Nb,41,106.9 ms
109,Mo,42,700 ms
109,Tc,43,1.14 s
109,Ru,44,34.5 s
109,Rh,45,80 s
109,Pd,46,13.7012 h
109,Ag,47,stbl
109,Cd,48,461.6 d
109,In,49,4.167 h
109,Sn,50,18.0 m
109,Sb,51,17.0 s
109,Te,52,4.6 s
109,I,53,103 us
109,Xe,54,13 ms
110,Zr,40,37.5 ms
110,Nb,41,82 ms
110,Mo,42,292 ms
110,Tc,43,900 ms
110,Ru,44,12.04 s
110,Rh,45,3.35 s
110,Pd,46,stbl
110,Ag,47,24.56 s
110,Cd,48,stbl
110,In,49,4.92 h
110,Sn,50,4.154 h
110,Sb,51,23.6 s
110,Te,52,18.6 s
110,I,53,664 ms
110,Xe,54,93 ms
111,Zr,40,24.0 ms
111,Nb,41,54 ms
111,Mo,42,193.6 ms
111,Tc,43,350 ms
111,Ru,44,2.12 s
111,Rh,45,11 s
111,Pd,46,23.4 m
111,Ag,47,7.433 d
111,Cd,48,stbl
111,In,49,2.8063 d
111,Sn,50,35.3 m
111,Sb,51,75 s
111,Te,52,26.2 s
111,I,53,2.5 s
111,Xe,54,740 ms
111,Cs,55,1 us
112,Zr,40,43 ms
112,Nb,41,38 ms
112,Mo,42,125 ms
112,Tc,43,323 ms
112,Ru,44,1.75 s
112,Rh,45,3.4 s
112,Pd,46,21.04 h
112,Ag,47,3.130 h
112,Cd,48,stbl
112,In,49,14.88 m
112,Sn,50,stbl
112,Sb,51,53.5 s
112,Te,52,2.0 m
112,I,53,3.34 s
112,Xe,54,2.7 s
112,Cs,55,490 us
113,Nb,41,32 ms
113,Mo,42,80 ms
113,Tc,43,152 ms
113,Ru,44,800 ms
113,Rh,45,2.80 s
113,Pd,46,93 s
113,Ag,47,5.37 h
113,Cd,48,8.04 Py
113,In,49,stbl
113,Sn,50,115.09 d
113,Sb,51,6.67 m
113,Te,52,1.7 m
113,I,53,6.6 s
113,Xe,54,2.74 s
113,Cs,55,17.7 us
113,Ba,56,100 ms
114,Nb,41,17 ms
114,Mo,42,58 ms
114,Tc,43,90 ms
114,Ru,44,540 ms
114,Rh,45,1.85 s
114,Pd,46,2.42 m
114,Ag,47,4.6 s
114,Cd,48,stbl
114,In,49,71.9 s
114,Sn,50,stbl
114,Sb,51,3.49 m
114,Te,52,15.2 m
114,I,53,2.1 s
114,Xe,54,10.0 s
114,Cs,55,570 ms
114,Ba,56,460 ms
115,Nb,41,23 ms
115,Mo,42,45.5 ms
115,Tc,43,78 ms
115,Ru,44,318 ms
115,Rh,45,990 ms
115,Pd,46,25 s
115,Ag,47,20.0 m
115,Cd,48,53.46 h
115,In,49,441 Ty
115,Sn,50,stbl
115,Sb,51,32.1 m
115,Te,52,5.8 m
115,I,53,1.3 m
115,Xe,54,18 s
115,Cs,55,1.4 s
115,Ba,56,450 ms
116,Mo,42,32 ms
116,Tc,43,57 ms
116,Ru,44,204 ms
116,Rh,45,685 ms
116,Pd,46,11.8 s
116,Ag,47,3.83 m
116,Cd,48,28.7 Ey
116,In,49,14.10 s
116,Sn,50,stbl
116,Sb,51,15.8 m
116,Te,52,2.49 h
116,I,53,2.91 s
116,Xe,54,59 s
116,Cs,55,700 ms
116,Ba,56,1.3 s
116,La,57,10 ms
117,Mo,42,22 ms
117,Tc,43,44.5 ms
117,Ru,44,151 ms
117,Rh,45,421 ms
117,Pd,46,4.3 s
117,Ag,47,73.6 s
117,Cd,48,2.49 h
117,In,49,43.2 m
117,Sn,50,stbl
117,Sb,51,2.80 h
117,Te,52,62 m
117,I,53,2.22 m
117,Xe,54,61 s
117,Cs,55,8.4 s
117,Ba,56,1.75 s
117,La,57,21.7 ms
118,Mo,42,21 ms
118,Tc,43,30 ms
118,Ru,44,99 ms
118,Rh,45,284 ms
118,Pd,46,1.9 s
118,Ag,47,3.76 s
118,Cd,48,50.3 m
118,In,49,5.0 s
118,Sn,50,stbl
118,Sb,51,3.6 m
118,Te,52,6.00 d
118,I,53,13.7 m
118,Xe,54,3.8 m
118,Cs,55,14 s
118,Ba,56,5.2 s
118,La,57,200 ms
119,Tc,43,22 ms
119,Ru,44,69.5 ms
119,Rh,45,190 ms
119,Pd,46,920 ms
119,Ag,47,6.0 s
119,Cd,48,2.69 m
119,In,49,2.4 m
119,Sn,50,stbl
119,Sb,51,38.19 h
119,Te,52,16.05 h
119,I,53,19.1 m
119,Xe,54,5.8 m
119,Cs,55,43.0 s
119,Ba,56,5.4 s
119,La,57,1 s
119,Ce,58,200 ms
120,Tc,43,21 ms
120,Ru,44,45 ms
120,Rh,45,129.6 ms
120,Pd,46,492 ms
120,Ag,47,1.52 s
120,Cd,48,50.80 s
120,In,49,3.08 s
120,Sn,50,stbl
120,Sb,51,15.89 m
120,Te,52,stbl
120,I,53,81.67 m
120,Xe,54,46.0 m
120,Cs,55,60.4 s
120,Ba,56,24 s
120,La,57,2.8 s
120,Ce,58,250 ms
121,Tc,43,22 ms
121,Ru,44,29 ms
121,Rh,45,76 ms
121,Pd,46,290 ms
121,Ag,47,780 ms
121,Cd,48,13.5 s
121,In,49,23.1 s
121,Sn,50,27.03 h
121,Sb,51,stbl
121,Te,52,19.17 d
121,I,53,2.12 h
121,Xe,54,40.1 m
121,Cs,55,155 s
121,Ba,56,29.7 s
121,La,57,5.3 s
121,Ce,58,1.1 s
121,Pr,59,12 ms
122,Ru,44,25 ms
122,Rh,45,51 ms
122,Pd,46,195 ms
122,Ag,47,529 ms
122,Cd,48,5.24 s
122,In,49,1.5 s
122,Sn,50,stbl
122,Sb,51,2.7238 d
122,Te,52,stbl
122,I,53,3.63 m
122,Xe,54,20.1 h
122,Cs,55,21.18 s
122,Ba,56,1.95 m
122,La,57,8.6 s
122,Ce,58,2 s
122,Pr,59,500 ms
123,Ru,44,19 ms
123,Rh,45,42 ms
123,Pd,46,108 ms
123,Ag,47,300 ms
123,Cd,48,2.10 s
123,In,49,6.17 s
123,Sn,50,129.2 d
123,Sb,51,stbl
123,Te,52,stbl
123,I,53,13.2235 h
123,Xe,54,2.08 h
123,Cs,55,5.88 m
123,Ba,56,2.7 m
123,La,57,17 s
123,Ce,58,3.8 s
123,Pr,59,800 ms
124,Ru,44,15 ms
124,Rh,45,30 ms
124,Pd,46,88 ms
124,Ag,47,177.9 ms
124,Cd,48,1.25 s
124,In,49,3.12 s
124,Sn,50,stbl
124,Sb,51,60.20 d
124,Te,52,stbl
124,I,53,4.1760 d
124,Xe,54,stbl
124,Cs,55,30.9 s
124,Ba,56,11.0 m
124,La,57,29.21 s
124,Ce,58,9.1 s
124,Pr,59,1.2 s
124,Nd,60,500 ms
125,Rh,45,26.5 ms
125,Pd,46,57 ms
125,Ag,47,159 ms
125,Cd,48,680 ms
125,In,49,2.36 s
125,Sn,50,9.64 d
125,Sb,51,2.7586 y
125,Te,52,stbl
125,I,53,59.407 d
125,Xe,54,16.9 h
125,Cs,55,46.7 m
125,Ba,56,3.3 m
125,La,57,64.8 s
125,Ce,58,9.7 s
125,Pr,59,3.3 s
125,Nd,60,650 ms
126,Rh,45,19 ms
126,Pd,46,48.6 ms
126,Ag,47,99.3 ms
126,Cd,48,513 ms
126,In,49,1.53 s
126,Sn,50,230 ky
126,Sb,51,12.35 d
126,Te,52,stbl
126,I,53,12.93 d
126,Xe,54,stbl
126,Cs,55,1.64 m
126,Ba,56,100 m
126,La,57,54 s
126,Ce,58,51.0 s
126,Pr,59,3.12 s
126,Nd,60,1 s
126,Pm,61,500 ms
127,Rh,45,28 ms
127,Pd,46,38 ms
127,Ag,47,89 ms
127,Cd,48,330 ms
127,In,49,1.09 s
127,Sn,50,2.10 h
127,Sb,51,3.85 d
127,Te,52,9.35 h
127,I,53,stbl
127,Xe,54,36.346 d
127,Cs,55,6.25 h
127,Ba,56,12.7 m
127,La,57,5.1 m
127,Ce,58,34 s
127,Pr,59,4.2 s
127,Nd,60,1.8 s
127,Pm,61,1 s
128,Pd,46,35 ms
128,Ag,47,59 ms
128,Cd,48,246 ms
128,In,49,816 ms
128,Sn,50,59.07 m
128,Sb,51,9.05 h
128,Te,52,2.0 Yy
128,I,53,24.99 m
128,Xe,54,stbl
128,Cs,55,3.640 m
128,Ba,56,2.43 d
128,La,57,5.18 m
128,Ce,58,3.93 m
128,Pr,59,2.85 s
128,Nd,60,5 s
128,Pm,61,1.0 s
128,Sm,62,500 ms
129,Pd,46,31 ms
129,Ag,47,49.9 ms
129,Cd,48,151.5 ms
129,In,49,570 ms
129,Sn,50,2.23 m
129,Sb,51,4.366 h
129,Te,52,69.6 m
129,I,53,15.7 My
129,Xe,54,stbl
129,Cs,55,32.06 h
129,Ba,56,2.23 h
129,La,57,11.6 m
129,Ce,58,3.5 m
129,Pr,59,30 s
129,Nd,60,6.8 s
129,Pm,61,2.4 s
129,Sm,62,550 ms
130,Ag,47,40.6 ms
130,Cd,48,126.8 ms
130,In,49,284 ms
130,Sn,50,3.72 m
130,Sb,51,39.5 m
130,Te,52,690 Ey
130,I,53,12.36 h
130,Xe,54,stbl
130,Cs,55,29.21 m
130,Ba,56,stbl
130,La,57,8.7 m
130,Ce,58,22.9 m
130,Pr,59,40.0 s
130,Nd,60,21 s
130,Pm,61,2.6 s
130,Sm,62,1 s
130,Eu,63,1.0 ms
131,Ag,47,35 ms
131,Cd,48,98 ms
131,In,49,261 ms
131,Sn,50,56.0 s
131,Sb,51,23.03 m
131,Te,52,25.0 m
131,I,53,8.0252 d
131,Xe,54,stbl
131,Cs,55,9.689 d
131,Ba,56,11.52 d
131,La,57,59 m
131,Ce,58,10.3 m
131,Pr,59,1.50 m
131,Nd,60,25.4 s
131,Pm,61,6.3 s
131,Sm,62,1.2 s
131,Eu,63,17.8 ms
132,Ag,47,30 ms
132,Cd,48,82 ms
132,In,49,198 ms
132,Sn,50,39.7 s
132,Sb,51,2.79 m
132,Te,52,3.204 d
132,I,53,2.295 h
132,Xe,54,stbl
132,Cs,55,6.480 d
132,Ba,56,stbl
132,La,57,4.8 h
132,Ce,58,3.51 h
132,Pr,59,1.49 m
132,Nd,60,1.56 m
132,Pm,61,6.2 s
132,Sm,62,4.0 s
132,Eu,63,100 ms
133,Cd,48,61 ms
133,In,49,165 ms
133,Sn,50,1.46 s
133,Sb,51,2.34 m
133,Te,52,12.5 m
133,I,53,20.83 h
133,Xe,54,5.2475 d
133,Cs,55,stbl
133,Ba,56,10.551 y
133,La,57,3.912 h
133,Ce,58,97 m
133,Pr,59,6.5 m
133,Nd,60,70 s
133,Pm,61,13.5 s
133,Sm,62,2.89 s
133,Eu,63,200 ms
133,Gd,64,10 ms
134,Cd,48,65 ms
134,In,49,140 ms
134,Sn,50,890 ms
134,Sb,51,780 ms
134,Te,52,41.8 m
134,I,53,52.5 m
134,Xe,54,stbl
134,Cs,55,2.0652 y
134,Ba,56,stbl
134,La,57,6.45 m
134,Ce,58,3.16 d
134,Pr,59,17 m
134,Nd,60,8.5 m
134,Pm,61,22 s
134,Sm,62,9.5 s
134,Eu,63,500 ms
134,Gd,64,400 ms
135,In,49,101 ms
135,Sn,50,515 ms
135,Sb,51,1.679 s
135,Te,52,19.0 s
135,I,53,6.58 h
135,Xe,54,9.14 h
135,Cs,55,1.33 My
135,Ba,56,stbl
135,La,57,19.5 h
135,Ce,58,17.7 h
135,Pr,59,24 m
135,Nd,60,12.4 m
135,Pm,61,49 s
135,Sm,62,10.3 s
135,Eu,63,1.5 s
135,Gd,64,1.1 s
135,Tb,65,1.01 ms
136,In,49,86 ms
136,Sn,50,350 ms
136,Sb,51,923 ms
136,Te,52,17.63 s
136,I,53,83.4 s
136,Xe,54,2.19 Zy
136,Cs,55,13.16 d
136,Ba,56,stbl
136,La,57,9.87 m
136,Ce,58,stbl
136,Pr,59,13.1 m
136,Nd,60,50.7 m
136,Pm,61,107 s
136,Sm,62,47 s
136,Eu,63,3.3 s
136,Gd,64,1 s
136,Tb,65,200 ms
137,In,49,70 ms
137,Sn,50,273 ms
137,Sb,51,484 ms
137,Te,52,2.49 s
137,I,53,24.13 s
137,Xe,54,3.818 m
137,Cs,55,30.08 y
137,Ba,56,stbl
137,La,57,60 ky
137,Ce,58,9.0 h
137,Pr,59,1.28 h
137,Nd,60,38.5 m
137,Pm,61,2 m
137,Sm,62,45 s
137,Eu,63,8.4 s
137,Gd,64,2.2 s
137,Tb,65,600 ms
138,Sn,50,150 ms
138,Sb,51,348 ms
138,Te,52,1.4 s
138,I,53,6.23 s
138,Xe,54,14.14 m
138,Cs,55,33.41 m
138,Ba,56,stbl
138,La,57,102 Gy
138,Ce,58,stbl
138,Pr,59,1.45 m
138,Nd,60,5.04 h
138,Pm,61,10 s
138,Sm,62,3.1 m
138,Eu,63,12.1 s
138,Gd,64,4.7 s
138,Tb,65,800 ms
138,Dy,66,200 ms
139,Sn,50,130 ms
139,Sb,51,93 ms
139,Te,52,500 ms
139,I,53,2.282 s
139,Xe,54,39.68 s
139,Cs,55,9.27 m
139,Ba,56,83.13 m
139,La,57,stbl
139,Ce,58,137.641 d
139,Pr,59,4.41 h
139,Nd,60,29.7 m
139,Pm,61,4.15 m
139,Sm,62,2.57 m
139,Eu,63,17.9 s
139,Gd,64,5.7 s
139,Tb,65,1.6 s
139,Dy,66,600 ms
140,Sb,51,100 ms
140,Te,52,300 ms
140,I,53,860 ms
140,Xe,54,13.60 s
140,Cs,55,63.7 s
140,Ba,56,12.7527 d
140,La,57,40.285 h
140,Ce,58,stbl
140,Pr,59,3.39 m
140,Nd,60,3.37 d
140,Pm,61,9.2 s
140,Sm,62,14.82 m
140,Eu,63,1.51 s
140,Gd,64,15.8 s
140,Tb,65,2.32 s
140,Dy,66,700 ms
140,Ho,67,6 ms
141,Sb,51,100 ms
141,Te,52,150 ms
141,I,53,430 ms
141,Xe,54,1.73 s
141,Cs,55,24.84 s
141,Ba,56,18.27 m
141,La,57,3.92 h
141,Ce,58,32.511 d
141,Pr,59,stbl
141,Nd,60,2.49 h
141,Pm,61,20.90 m
141,Sm,62,10.2 m
141,Eu,63,40.7 s
141,Gd,64,14 s
141,Tb,65,3.5 s
141,Dy,66,900 ms
141,Ho,67,4.1 ms
142,Te,52,100 ms
142,I,53,222 ms
142,Xe,54,1.23 s
142,Cs,55,1.684 s
142,Ba,56,10.6 m
142,La,57,91.1 m
142,Ce,58,stbl
142,Pr,59,19.12 h
142,Nd,60,stbl
142,Pm,61,40.5 s
142,Sm,62,72.49 m
142,Eu,63,2.36 s
142,Gd,64,70.2 s
142,Tb,65,597 ms
142,Dy,66,2.3 s
142,Ho,67,400 ms
142,Er,68,10 us
143,Te,52,100 ms
143,I,53,130 ms
143,Xe,54,511 ms
143,Cs,55,1.791 s
143,Ba,56,14.5 s
143,La,57,14.2 m
143,Ce,58,33.039 h
143,Pr,59,13.57 d
143,Nd,60,stbl
143,Pm,61,265 d
143,Sm,62,8.75 m
143,Eu,63,2.59 m
143,Gd,64,39 s
143,Tb,65,12 s
143,Dy,66,5.6 s
143,Ho,67,300 ms
143,Er,68,200 ms
144,I,53,100 ms
144,Xe,54,388 ms
144,Cs,55,994 ms
144,Ba,56,11.5 s
144,La,57,40.8 s
144,Ce,58,284.91 d
144,Pr,59,17.28 m
144,Nd,60,2.29 Py
144,Pm,61,363 d
144,Sm,62,stbl
144,Eu,63,10.2 s
144,Gd,64,4.47 m
144,Tb,65,~1 s
144,Dy,66,9.1 s
144,Ho,67,700 ms
144,Er,68,400 ms
144,Tm,69,2.3 us
145,I,53,100 ms
145,Xe,54,188 ms
145,Cs,55,582 ms
145,Ba,56,4.31 s
145,La,57,24.8 s
145,Ce,58,3.01 m
145,Pr,59,5.984 h
145,Nd,60,stbl
145,Pm,61,17.7 y
145,Sm,62,340 d
145,Eu,63,5.93 d
145,Gd,64,23.0 m
145,Tb,65,30.9 s
145,Dy,66,9.5 s
145,Ho,67,2.4 s
145,Er,68,900 ms
145,Tm,69,3.17 us
146,Xe,54,146 ms
146,Cs,55,323 ms
146,Ba,56,2.22 s
146,La,57,6.27 s
146,Ce,58,13.52 m
146,Pr,59,24.15 m
146,Nd,60,stbl
146,Pm,61,5.53 y
146,Sm,62,68 My
146,Eu,63,4.61 d
146,Gd,64,48.27 d
146,Tb,65,8 s
146,Dy,66,33.2 s
146,Ho,67,2.8 s
146,Er,68,1.7 s
146,Tm,69,155 ms
147,Xe,54,130 ms
147,Cs,55,230 ms
147,Ba,56,894 ms
147,La,57,4.06 s
147,Ce,58,56.4 s
147,Pr,59,13.4 m
147,Nd,60,10.98 d
147,Pm,61,2.6234 y
147,Sm,62,106.6 Gy
147,Eu,63,24.1 d
147,Gd,64,38.06 h
147,Tb,65,1.64 h
147,Dy,66,67 s
147,Ho,67,5.8 s
147,Er,68,3.2 s
147,Tm,69,580 ms
148,Xe,54,100 ms
148,Cs,55,145 ms
148,Ba,56,620 ms
148,La,57,1.35 s
148,Ce,58,56.8 s
148,Pr,59,2.29 m
148,Nd,60,stbl
148,Pm,61,5.368 d
148,Sm,62,6.3 Py
148,Eu,63,54.5 d
148,Gd,64,70.9 y
148,Tb,65,60 m
148,Dy,66,3.3 m
148,Ho,67,2.2 s
148,Er,68,4.6 s
148,Tm,69,700 ms
148,Yb,70,250 ms
149,Cs,55,113 ms
149,Ba,56,348 ms
149,La,57,1.07 s
149,Ce,58,4.94 s
149,Pr,59,2.26 m
149,Nd,60,1.728 h
149,Pm,61,53.08 h
149,Sm,62,stbl
149,Eu,63,93.1 d
149,Gd,64,9.28 d
149,Tb,65,4.118 h
149,Dy,66,4.20 m
149,Ho,67,21.1 s
149,Er,68,4 s
149,Tm,69,900 ms
149,Yb,70,700 ms
150,Cs,55,84.4 ms
150,Ba,56,259 ms
150,La,57,504 ms
150,Ce,58,6.05 s
150,Pr,59,6.19 s
150,Nd,60,8.2 Ey
150,Pm,61,2.698 h
150,Sm,62,stbl
150,Eu,63,36.9 y
150,Gd,64,1.79 My
150,Tb,65,3.48 h
150,Dy,66,7.17 m
150,Ho,67,76.8 s
150,Er,68,18.5 s
150,Tm,69,3 s
150,Yb,70,700 ms
150,Lu,71,45 ms
151,Cs,55,69 ms
151,Ba,56,167 ms
151,La,57,465 ms
151,Ce,58,1.76 s
151,Pr,59,18.90 s
151,Nd,60,12.44 m
151,Pm,61,28.40 h
151,Sm,62,90 y
151,Eu,63,4.6 Ey
151,Gd,64,123.9 d
151,Tb,65,17.609 h
151,Dy,66,17.9 m
151,Ho,67,35.2 s
151,Er,68,23.5 s
151,Tm,69,4.17 s
151,Yb,70,1.6 s
151,Lu,71,78.4 ms
152,Cs,55,30 ms
152,Ba,56,139 ms
152,La,57,287 ms
152,Ce,58,1.42 s
152,Pr,59,3.57 s
152,Nd,60,11.4 m
152,Pm,61,4.12 m
152,Sm,62,stbl
152,Eu,63,13.517 y
152,Gd,64,108 Ty
152,Tb,65,17.5 h
152,Dy,66,2.38 h
152,Ho,67,161.8 s
152,Er,68,10.3 s
152,Tm,69,8.0 s
152,Yb,70,3.03 s
152,Lu,71,650 ms
153,Ba,56,116 ms
153,La,57,245 ms
153,Ce,58,865 ms
153,Pr,59,4.28 s
153,Nd,60,31.6 s
153,Pm,61,5.25 m
153,Sm,62,46.284 h
153,Eu,63,stbl
153,Gd,64,240.4 d
153,Tb,65,2.34 d
153,Dy,66,6.4 h
153,Ho,67,2.01 m
153,Er,68,37.1 s
153,Tm,69,1.48 s
153,Yb,70,4.2 s
153,Lu,71,900 ms
153,Hf,72,400 ms
154,Ba,56,53 ms
154,La,57,161 ms
154,Ce,58,722 ms
154,Pr,59,2.3 s
154,Nd,60,25.9 s
154,Pm,61,2.68 m
154,Sm,62,stbl
154,Eu,63,8.601 y
154,Gd,64,stbl
154,Tb,65,21.5 h
154,Dy,66,3.0 My
154,Ho,67,11.76 m
154,Er,68,3.73 m
154,Tm,69,8.1 s
154,Yb,70,409 ms
154,Lu,71,1 s
154,Hf,72,2 s
155,La,57,101 ms
155,Ce,58,313 ms
155,Pr,59,1.47 s
155,Nd,60,8.9 s
155,Pm,61,41.5 s
155,Sm,62,22.3 m
155,Eu,63,4.741 y
155,Gd,64,stbl
155,Tb,65,5.32 d
155,Dy,66,9.9 h
155,Ho,67,48 m
155,Er,68,5.3 m
155,Tm,69,21.6 s
155,Yb,70,1.793 s
155,Lu,71,68.6 ms
155,Hf,72,840 ms
155,Ta,73,3.2 ms
156,La,57,84 ms
156,Ce,58,233 ms
156,Pr,59,444 ms
156,Nd,60,5.06 s
156,Pm,61,27.2 s
156,Sm,62,9.4 h
156,Eu,63,15.19 d
156,Gd,64,stbl
156,Tb,65,5.35 d
156,Dy,66,stbl
156,Ho,67,56 m
156,Er,68,19.5 m
156,Tm,69,83.8 s
156,Yb,70,26.1 s
156,Lu,71,494 ms
156,Hf,72,23 ms
156,Ta,73,106 ms
157,Ce,58,175 ms
157,Pr,59,307 ms
157,Nd,60,1.15 s
157,Pm,61,10.56 s
157,Sm,62,8.03 m
157,Eu,63,15.18 h
157,Gd,64,stbl
157,Tb,65,71 y
157,Dy,66,8.14 h
157,Ho,67,12.6 m
157,Er,68,18.65 m
157,Tm,69,3.63 m
157,Yb,70,38.6 s
157,Lu,71,6.8 s
157,Hf,72,115 ms
157,Ta,73,10.1 ms
157,W,74,275 ms
158,Ce,58,99 ms
158,Pr,59,181 ms
158,Nd,60,810 ms
158,Pm,61,4.8 s
158,Sm,62,5.30 m
158,Eu,63,45.9 m
158,Gd,64,stbl
158,Tb,65,180 y
158,Dy,66,stbl
158,Ho,67,11.3 m
158,Er,68,2.29 h
158,Tm,69,3.98 m
158,Yb,70,1.49 m
158,Lu,71,10.6 s
158,Hf,72,0.99 s
158,Ta,73,49 ms
158,W,74,1.25 ms
159,Pr,59,134 ms
159,Nd,60,500 ms
159,Pm,61,1.49 s
159,Sm,62,11.37 s
159,Eu,63,18.1 m
159,Gd,64,18.479 h
159,Tb,65,stbl
159,Dy,66,144.4 d
159,Ho,67,33.05 m
159,Er,68,36 m
159,Tm,69,9.13 m
159,Yb,70,1.67 m
159,Lu,71,12.1 s
159,Hf,72,5.20 s
159,Ta,73,1.04 s
159,W,74,8.2 ms
159,Re,75,40 us
160,Pr,59,170 ms
160,Nd,60,439 ms
160,Pm,61,725 ms
160,Sm,62,9.6 s
160,Eu,63,42.4 s
160,Gd,64,stbl
160,Tb,65,72.3 d
160,Dy,66,stbl
160,Ho,67,25.6 m
160,Er,68,28.58 h
160,Tm,69,9.4 m
160,Yb,70,4.8 m
160,Lu,71,36.1 s
160,Hf,72,13.6 s
160,Ta,73,1.70 s
160,W,74,90 ms
160,Re,75,611 us
161,Nd,60,215 ms
161,Pm,61,1.05 s
161,Sm,62,4.8 s
161,Eu,63,26.2 s
161,Gd,64,3.646 m
161,Tb,65,6.89 d
161,Dy,66,stbl
161,Ho,67,2.48 h
161,Er,68,3.21 h
161,Tm,69,30.2 m
161,Yb,70,4.2 m
161,Lu,71,77 s
161,Hf,72,18.4 s
161,Ta,73,3 s
161,W,74,409 ms
161,Re,75,440 us
161,Os,76,640 us
162,Nd,60,310 ms
162,Pm,61,630 ms
162,Sm,62,2.7 s
162,Eu,63,~11 s
162,Gd,64,8.4 m
162,Tb,65,7.60 m
162,Dy,66,stbl
162,Ho,67,15.0 m
162,Er,68,stbl
162,Tm,69,21.70 m
162,Yb,70,18.87 m
162,Lu,71,1.37 m
162,Hf,72,39.4 s
162,Ta,73,3.57 s
162,W,74,1.19 s
162,Re,75,107 ms
162,Os,76,2.1 ms
163,Pm,61,430 ms
163,Sm,62,1.3 s
163,Eu,63,7.7 s
163,Gd,64,68 s
163,Tb,65,19.5 m
163,Dy,66,stbl
163,Ho,67,4.570 ky
163,Er,68,75.0 m
163,Tm,69,1.810 h
163,Yb,70,11.05 m
163,Lu,71,3.97 m
163,Hf,72,40.0 s
163,Ta,73,10.6 s
163,W,74,2.63 s
163,Re,75,390 ms
163,Os,76,5.5 ms
164,Pm,61,200 ms
164,Sm,62,1.43 s
164,Eu,63,4.15 s
164,Gd,64,45 s
164,Tb,65,3.0 m
164,Dy,66,stbl
164,Ho,67,29 m
164,Er,68,stbl
164,Tm,69,2.0 m
164,Yb,70,75.8 m
164,Lu,71,3.14 m
164,Hf,72,111 s
164,Ta,73,14.2 s
164,W,74,6.3 s
164,Re,75,719 ms
164,Os,76,21 ms
164,Ir,77,1 ms
165,Sm,62,980 ms
165,Eu,63,2.53 s
165,Gd,64,11.0 s
165,Tb,65,2.11 m
165,Dy,66,2.334 h
165,Ho,67,stbl
165,Er,68,10.36 h
165,Tm,69,30.06 h
165,Yb,70,9.9 m
165,Lu,71,10.74 m
165,Hf,72,76 s
165,Ta,73,31.0 s
165,W,74,5.1 s
165,Re,75,2.62 s
165,Os,76,71 ms
165,Ir,77,50 ns
166,Sm,62,800 ms
166,Eu,63,1.24 s
166,Gd,64,5.1 s
166,Tb,65,27.1 s
166,Dy,66,81.6 h
166,Ho,67,26.824 h
166,Er,68,stbl
166,Tm,69,7.70 h
166,Yb,70,56.7 h
166,Lu,71,2.65 m
166,Hf,72,6.77 m
166,Ta,73,34.4 s
166,W,74,19.2 s
166,Re,75,2.25 s
166,Os,76,213 ms
166,Ir,77,10.5 ms
166,Pt,78,300 us
167,Eu,63,1.33 s
167,Gd,64,4.2 s
167,Tb,65,18.9 s
167,Dy,66,6.20 m
167,Ho,67,3.1 h
167,Er,68,stbl
167,Tm,69,9.25 d
167,Yb,70,17.5 m
167,Lu,71,51.5 m
167,Hf,72,2.05 m
167,Ta,73,1.33 m
167,W,74,19.9 s
167,Re,75,3.4 s
167,Os,76,839 ms
167,Ir,77,29.3 ms
167,Pt,78,800 us
168,Eu,63,200 ms
168,Gd,64,3.03 s
168,Tb,65,9.4 s
168,Dy,66,8.7 m
168,Ho,67,2.99 m
168,Er,68,stbl
168,Tm,69,93.1 d
168,Yb,70,stbl
168,Lu,71,5.5 m
168,Hf,72,25.95 m
168,Ta,73,2.0 m
168,W,74,50.9 s
168,Re,75,4.4 s
168,Os,76,2.1 s
168,Ir,77,230 ms
168,Pt,78,2.02 ms
169,Gd,64,750 ms
169,Tb,65,5.13 s
169,Dy,66,39 s
169,Ho,67,4.72 m
169,Er,68,9.392 d
169,Tm,69,stbl
169,Yb,70,32.018 d
169,Lu,71,34.06 h
169,Hf,72,3.24 m
169,Ta,73,4.9 m
169,W,74,74 s
169,Re,75,8.1 s
169,Os,76,3.46 s
169,Ir,77,353 ms
169,Pt,78,6.99 ms
169,Au,79,150 us
170,Gd,64,420 ms
170,Tb,65,960 ms
170,Dy,66,54.9 s
170,Ho,67,2.76 m
170,Er,68,stbl
170,Tm,69,128.6 d
170,Yb,70,stbl
170,Lu,71,2.012 d
170,Hf,72,16.01 h
170,Ta,73,6.76 m
170,W,74,2.42 m
170,Re,75,9.2 s
170,Os,76,7.37 s
170,Ir,77,910 ms
170,Pt,78,13.93 ms
170,Au,79,290 us
171,Tb,65,1.23 s
171,Dy,66,4.07 s
171,Ho,67,53 s
171,Er,68,7.516 h
171,Tm,69,1.92 y
171,Yb,70,stbl
171,Lu,71,8.24 d
171,Hf,72,12.1 h
171,Ta,73,23.3 m
171,W,74,2.38 m
171,Re,75,15.2 s
171,Os,76,8.3 s
171,Ir,77,3.1 s
171,Pt,78,45.5 ms
171,Au,79,22.3 us
171,Hg,80,70 us
172,Tb,65,760 ms
172,Dy,66,3.4 s
172,Ho,67,25 s
172,Er,68,49.3 h
172,Tm,69,63.6 h
172,Yb,70,stbl
172,Lu,71,6.70 d
172,Hf,72,1.87 y
172,Ta,73,36.8 m
172,W,74,6.6 m
172,Re,75,15 s
172,Os,76,19.2 s
172,Ir,77,4.4 s
172,Pt,78,97.6 ms
172,Au,79,28 ms
172,Hg,80,231 us
173,Dy,66,1.43 s
173,Ho,67,6.90 s
173,Er,68,1.434 m
173,Tm,69,8.24 h
173,Yb,70,stbl
173,Lu,71,1.37 y
173,Hf,72,23.6 h
173,Ta,73,3.14 h
173,W,74,7.6 m
173,Re,75,2.0 m
173,Os,76,22.4 s
173,Ir,77,9.0 s
173,Pt,78,382 ms
173,Au,79,25.5 ms
173,Hg,80,800 us
174,Dy,66,1 s
174,Ho,67,3.2 s
174,Er,68,3.2 m
174,Tm,69,5.4 m
174,Yb,70,stbl
174,Lu,71,3.31 y
174,Hf,72,2.0 Py
174,Ta,73,1.14 h
174,W,74,33.2 m
174,Re,75,2.40 m
174,Os,76,44 s
174,Ir,77,7.9 s
174,Pt,78,889 ms
174,Au,79,139 ms
174,Hg,80,2.0 ms
175,Ho,67,1.88 s
175,Er,68,1.2 m
175,Tm,69,15.2 m
175,Yb,70,4.185 d
175,Lu,71,stbl
175,Hf,72,70.65 d
175,Ta,73,10.5 h
175,W,74,35.2 m
175,Re,75,5.89 m
175,Os,76,1.4 m
175,Ir,77,9 s
175,Pt,78,2.43 s
175,Au,79,202 ms
175,Hg,80,10.6 ms
176,Ho,67,2 s
176,Er,68,20 s
176,Tm,69,1.85 m
176,Yb,70,stbl
176,Lu,71,36.84 Gy
176,Hf,72,stbl
176,Ta,73,8.09 h
176,W,74,2.5 h
176,Re,75,5.3 m
176,Os,76,3.6 m
176,Ir,77,8.7 s
176,Pt,78,6.33 s
176,Au,79,1.05 s
176,Hg,80,20.3 ms
176,Tl,81,6.2 ms
177,Er,68,3 s
177,Tm,69,90 s
177,Yb,70,1.911 h
177,Lu,71,6.6457 d
177,Hf,72,stbl
177,Ta,73,56.56 h
177,W,74,132 m
177,Re,75,14 m
177,Os,76,3.0 m
177,Ir,77,30 s
177,Pt,78,10.6 s
177,Au,79,1.46 s
177,Hg,80,127.3 ms
177,Tl,81,18 ms
178,Er,68,1 s
178,Tm,69,30 s
178,Yb,70,74 m
178,Lu,71,28.4 m
178,Hf,72,stbl
178,Ta,73,2.36 h
178,W,74,21.6 d
178,Re,75,13.2 m
178,Os,76,5.0 m
178,Ir,77,12 s
178,Pt,78,20.7 s
178,Au,79,2.6 s
178,Hg,80,266.5 ms
178,Tl,81,255 ms
178,Pb,82,230 us
179,Tm,69,20 s
179,Yb,70,8.0 m
179,Lu,71,4.59 h
179,Hf,72,stbl
179,Ta,73,1.82 y
179,W,74,37.05 m
179,Re,75,19.5 m
179,Os,76,6.5 m
179,Ir,77,79 s
179,Pt,78,21.2 s
179,Au,79,7.1 s
179,Hg,80,1.05 s
179,Tl,81,265 ms
179,Pb,82,3.9 ms
180,Tm,69,5 s
180,Yb,70,2.4 m
180,Lu,71,5.7 m
180,Hf,72,stbl
180,Ta,73,8.154 h
180,W,74,1.8 Ey
180,Re,75,2.46 m
180,Os,76,21.5 m
180,Ir,77,1.5 m
180,Pt,78,56 s
180,Au,79,8.4 s
180,Hg,80,2.59 s
180,Tl,81,1.09 s
180,Pb,82,4.1 ms
181,Tm,69,5 s
181,Yb,70,1 m
181,Lu,71,3.5 m
181,Hf,72,42.39 d
181,Ta,73,stbl
181,W,74,121.2 d
181,Re,75,19.9 h
181,Os,76,105 m
181,Ir,77,4.90 m
181,Pt,78,52.0 s
181,Au,79,13.7 s
181,Hg,80,3.6 s
181,Tl,81,3.2 s
181,Pb,82,39.0 ms
182,Yb,70,10 s
182,Lu,71,2.0 m
182,Hf,72,8.90 My
182,Ta,73,114.74 d
182,W,74,stbl
182,Re,75,64.2 h
182,Os,76,21.84 h
182,Ir,77,15.0 m
182,Pt,78,2.67 m
182,Au,79,15.5 s
182,Hg,80,10.83 s
182,Tl,81,1.9 s
182,Pb,82,55 ms
183,Yb,70,3 s
183,Lu,71,58 s
183,Hf,72,1.018 h
183,Ta,73,5.1 d
183,W,74,stbl
183,Re,75,70.0 d
183,Os,76,13.0 h
183,Ir,77,58 m
183,Pt,78,6.5 m
183,Au,79,42.8 s
183,Hg,80,9.4 s
183,Tl,81,6.9 s
183,Pb,82,535 ms
184,Yb,70,1 s
184,Lu,71,20 s
184,Hf,72,4.12 h
184,Ta,73,8.7 h
184,W,74,stbl
184,Re,75,35.4 d
184,Os,76,stbl
184,Ir,77,3.09 h
184,Pt,78,17.3 m
184,Au,79,20.6 s
184,Hg,80,30.87 s
184,Tl,81,9.5 s
184,Pb,82,490 ms
184,Bi,83,6.6 ms
185,Yb,70,300 ms
185,Lu,71,6 s
185,Hf,72,3.5 m
185,Ta,73,49.4 m
185,W,74,75.1 d
185,Re,75,stbl
185,Os,76,92.95 d
185,Ir,77,14.4 h
185,Pt,78,70.9 m
185,Au,79,4.25 m
185,Hg,80,49.1 s
185,Tl,81,19.5 s
185,Pb,82,6.3 s
185,Bi,83,2 ms
186,Lu,71,2 s
186,Hf,72,2.6 m
186,Ta,73,10.5 m
186,W,74,stbl
186,Re,75,3.7183 d
186,Os,76,2.0 Py
186,Ir,77,16.64 h
186,Pt,78,2.08 h
186,Au,79,10.7 m
186,Hg,80,1.38 m
186,Tl,81,40 s
186,Pb,82,4.82 s
186,Bi,83,14.8 ms
186,Po,84,34 us
187,Lu,71,1 s
187,Hf,72,30 s
187,Ta,73,2.3 m
187,W,74,24.000 h
187,Re,75,43.3 Gy
187,Os,76,stbl
187,Ir,77,10.5 h
187,Pt,78,2.35 h
187,Au,79,8.3 m
187,Hg,80,1.9 m
187,Tl,81,~51 s
187,Pb,82,15.2 s
187,Bi,83,37 ms
187,Po,84,1.40 ms
188,Lu,71,300 ms
188,Hf,72,20 s
188,Ta,73,19.6 s
188,W,74,69.78 d
188,Re,75,17.0040 h
188,Os,76,stbl
188,Ir,77,41.5 h
188,Pt,78,10.2 d
188,Au,79,8.84 m
188,Hg,80,3.25 m
188,Tl,81,71 s
188,Pb,82,25.1 s
188,Bi,83,60 ms
188,Po,84,275 us
189,Hf,72,2 s
189,Ta,73,3 s
189,W,74,10.7 m
189,Re,75,24.3 h
189,Os,76,stbl
189,Ir,77,13.2 d
189,Pt,78,10.87 h
189,Au,79,28.7 m
189,Hg,80,7.6 m
189,Tl,81,2.3 m
189,Pb,82,39 s
189,Bi,83,658 ms
189,Po,84,3.8 ms
190,Hf,72,2 s
190,Ta,73,5.3 s
190,W,74,30.0 m
190,Re,75,3.1 m
190,Os,76,stbl
190,Ir,77,11.78 d
190,Pt,78,650 Gy
190,Au,79,42.8 m
190,Hg,80,20.0 m
190,Tl,81,2.6 m
190,Pb,82,71 s
190,Bi,83,6.3 s
190,Po,84,2.46 ms
191,Ta,73,3 s
191,W,74,45 s
191,Re,75,9.8 m
191,Os,76,14.99 d
191,Ir,77,stbl
191,Pt,78,2.83 d
191,Au,79,3.18 h
191,Hg,80,49 m
191,Tl,81,20 m
191,Pb,82,1.33 m
191,Bi,83,11.7 s
191,Po,84,22 ms
191,At,85,2.1 ms
192,Ta,73,2.2 s
192,W,74,1 m
192,Re,75,16.0 s
192,Os,76,stbl
192,Ir,77,73.830 d
192,Pt,78,stbl
192,Au,79,4.94 h
192,Hg,80,4.85 h
192,Tl,81,9.6 m
192,Pb,82,3.5 m
192,Bi,83,34.6 s
192,Po,84,32.2 ms
192,At,85,11.5 ms
193,Ta,73,500 ms
193,W,74,3 s
193,Re,75,20 s
193,Os,76,29.830 h
193,Ir,77,stbl
193,Pt,78,50 y
193,Au,79,17.65 h
193,Hg,80,3.80 h
193,Tl,81,21.6 m
193,Pb,82,5 m
193,Bi,83,63.6 s
193,Po,84,388 ms
193,At,85,29 ms
193,Rn,86,1.15 ms
194,Ta,73,300 ms
194,W,74,5 s
194,Re,75,5 s
194,Os,76,6.0 y
194,Ir,77,19.28 h
194,Pt,78,stbl
194,Au,79,38.02 h
194,Hg,80,447 y
194,Tl,81,33.0 m
194,Pb,82,10.7 m
194,Bi,83,95 s
194,Po,84,392 ms
194,At,85,286 ms
194,Rn,86,780 us
195,W,74,3 s
195,Re,75,6 s
195,Os,76,6.5 m
195,Ir,77,2.29 h
195,Pt,78,stbl
195,Au,79,186.01 d
195,Hg,80,10.69 h
195,Tl,81,1.16 h
195,Pb,82,~15 m
195,Bi,83,183 s
195,Po,84,4.64 s
195,At,85,290 ms
195,Rn,86,7 ms
196,W,74,3 s
196,Re,75,2.4 s
196,Os,76,34.9 m
196,Ir,77,52 s
196,Pt,78,stbl
196,Au,79,6.1669 d
196,Hg,80,stbl
196,Tl,81,1.84 h
196,Pb,82,37 m
196,Bi,83,5.1 m
196,Po,84,5.56 s
196,At,85,388 ms
196,Rn,86,4.7 ms
197,W,74,1 s
197,Re,75,300 ms
197,Os,76,2.8 m
197,Ir,77,5.8 m
197,Pt,78,19.8915 h
197,Au,79,stbl
197,Hg,80,64.94 h
197,Tl,81,2.84 h
197,Pb,82,8.1 m
197,Bi,83,9.33 m
197,Po,84,53.6 s
197,At,85,388.2 ms
197,Rn,86,54 ms
197,Fr,87,2.33 ms
198,Re,75,300 ms
198,Os,76,1 m
198,Ir,77,8 s
198,Pt,78,stbl
198,Au,79,2.6941 d
198,Hg,80,stbl
198,Tl,81,5.3 h
198,Pb,82,2.4 h
198,Bi,83,10.3 m
198,Po,84,1.760 m
198,At,85,3.0 s
198,Rn,86,65 ms
198,Fr,87,15 ms
199,Re,75,100 ms
199,Os,76,6 s
199,Ir,77,7 s
199,Pt,78,30.80 m
199,Au,79,3.139 d
199,Hg,80,stbl
199,Tl,81,7.42 h
199,Pb,82,90 m
199,Bi,83,27 m
199,Po,84,5.47 m
199,At,85,7.02 s
199,Rn,86,590 ms
199,Fr,87,6.6 ms
200,Os,76,7 s
200,Ir,77,43 s
200,Pt,78,12.6 h
200,Au,79,48.4 m
200,Hg,80,stbl
200,Tl,81,26.1 h
200,Pb,82,21.5 h
200,Bi,83,36.4 m
200,Po,84,11.51 m
200,At,85,43.2 s
200,Rn,86,1.09 s
200,Fr,87,47.5 ms
201,Os,76,1 s
201,Ir,77,21 s
201,Pt,78,2.5 m
201,Au,79,26.0 m
201,Hg,80,stbl
201,Tl,81,3.0442 d
201,Pb,82,9.33 h
201,Bi,83,103 m
201,Po,84,15.6 m
201,At,85,85.2 s
201,Rn,86,7.0 s
201,Fr,87,62.8 ms
201,Ra,88,20 ms
202,Os,76,200 ms
202,Ir,77,11 s
202,Pt,78,44 h
202,Au,79,28.4 s
202,Hg,80,stbl
202,Tl,81,12.31 d
202,Pb,82,52.5 ky
202,Bi,83,1.72 h
202,Po,84,44.6 m
202,At,85,184 s
202,Rn,86,9.7 s
202,Fr,87,372 ms
202,Ra,88,4.1 ms
203,Os,76,100 ms
203,Ir,77,6 s
203,Pt,78,22 s
203,Au,79,60 s
203,Hg,80,46.613 d
203,Tl,81,stbl
203,Pb,82,51.916 h
203,Bi,83,11.76 h
203,Po,84,36.7 m
203,At,85,7.4 m
203,Rn,86,44 s
203,Fr,87,550 ms
203,Ra,88,36 ms
204,Ir,77,1 s
204,Pt,78,10.3 s
204,Au,79,38.3 s
204,Hg,80,stbl
204,Tl,81,3.783 y
204,Pb,82,stbl
204,Bi,83,11.22 h
204,Po,84,3.519 h
204,At,85,9.12 m
204,Rn,86,1.242 m
204,Fr,87,1.75 s
204,Ra,88,60 ms
205,Ir,77,300 ms
205,Pt,78,5 s
205,Au,79,32.5 s
205,Hg,80,5.14 m
205,Tl,81,stbl
205,Pb,82,17.3 My
205,Bi,83,15.31 d
205,Po,84,1.74 h
205,At,85,33.8 m
205,Rn,86,2.83 m
205,Fr,87,3.82 s
205,Ra,88,220 ms
205,Ac,89,80 ms
206,Pt,78,5 s
206,Au,79,47 s
206,Hg,80,8.32 m
206,Tl,81,4.202 m
206,Pb,82,stbl
206,Bi,83,6.243 d
206,Po,84,8.8 d
206,At,85,30.6 m
206,Rn,86,5.67 m
206,Fr,87,~16 s
206,Ra,88,240 ms
206,Ac,89,25 ms
207,Pt,78,1 s
207,Au,79,10 s
207,Hg,80,2.9 m
207,Tl,81,4.77 m
207,Pb,82,stbl
207,Bi,83,31.20 y
207,Po,84,5.80 h
207,At,85,1.81 h
207,Rn,86,9.25 m
207,Fr,87,14.8 s
207,Ra,88,1.38 s
207,Ac,89,31 ms
208,Pt,78,1 s
208,Au,79,10 s
208,Hg,80,42 m
208,Tl,81,3.053 m
208,Pb,82,stbl
208,Bi,83,368 ky
208,Po,84,2.898 y
208,At,85,1.63 h
208,Rn,86,24.35 m
208,Fr,87,59.1 s
208,Ra,88,1.110 s
208,Ac,89,97 ms
208,Th,90,2.4 ms
209,Au,79,1 s
209,Hg,80,38 s
209,Tl,81,2.162 m
209,Pb,82,3.234 h
209,Bi,83,20.1 Ey
209,Po,84,124 y
209,At,85,5.42 h
209,Rn,86,28.8 m
209,Fr,87,50.5 s
209,Ra,88,4.71 s
209,Ac,89,94 ms
209,Th,90,60 ms
210,Au,79,1 s
210,Hg,80,64 s
210,Tl,81,1.30 m
210,Pb,82,22.20 y
210,Bi,83,5.012 d
210,Po,84,138.376 d
210,At,85,8.1 h
210,Rn,86,2.4 h
210,Fr,87,3.18 m
210,Ra,88,4.0 s
210,Ac,89,350 ms
210,Th,90,16.0 ms
211,Hg,80,26 s
211,Tl,81,80 s
211,Pb,82,36.164 m
211,Bi,83,2.14 m
211,Po,84,516 ms
211,At,85,7.214 h
211,Rn,86,14.6 h
211,Fr,87,3.10 m
211,Ra,88,13.2 s
211,Ac,89,213 ms
211,Th,90,48 ms
211,Pa,91,3 ms
212,Hg,80,1 m
212,Tl,81,31 s
212,Pb,82,10.64 h
212,Bi,83,60.55 m
212,Po,84,294.7 ns
212,At,85,314 ms
212,Rn,86,23.9 m
212,Fr,87,20.0 m
212,Ra,88,13.0 s
212,Ac,89,895 ms
212,Th,90,31.7 ms
212,Pa,91,7.5 ms
213,Hg,80,1 s
213,Tl,81,24 s
213,Pb,82,10.2 m
213,Bi,83,45.61 m
213,Po,84,3.708 us
213,At,85,125 ns
213,Rn,86,19.5 ms
213,Fr,87,34.14 s
213,Ra,88,2.73 m
213,Ac,89,738 ms
213,Th,90,144 ms
213,Pa,91,7 ms
214,Hg,80,1 s
214,Tl,81,11 s
214,Pb,82,27.06 m
214,Bi,83,19.9 m
214,Po,84,163.72 us
214,At,85,558 ns
214,Rn,86,270 ns
214,Fr,87,5.18 ms
214,Ra,88,2.437 s
214,Ac,89,8.2 s
214,Th,90,87 ms
214,Pa,91,17 ms
215,Hg,80,1 s
215,Tl,81,10 s
215,Pb,82,2.34 m
215,Bi,83,7.6 m
215,Po,84,1.781 ms
215,At,85,100 us
215,Rn,86,2.30 us
215,Fr,87,86 ns
215,Ra,88,1.67 ms
215,Ac,89,170 ms
215,Th,90,1.2 s
215,Pa,91,14 ms
215,U,92,1.4 ms
216,Hg,80,100 ms
216,Tl,81,6 s
216,Pb,82,1.65 m
216,Bi,83,2.25 m
216,Po,84,145 ms
216,At,85,300 us
216,Rn,86,45 us
216,Fr,87,700 ns
216,Ra,88,182 ns
216,Ac,89,440 us
216,Th,90,26.0 ms
216,Pa,91,105 ms
216,U,92,6.9 ms
217,Tl,81,1 s
217,Pb,82,20 s
217,Bi,83,98.5 s
217,Po,84,1.514 s
217,At,85,32.62 ms
217,Rn,86,540 us
217,Fr,87,16.8 us
217,Ra,88,1.63 us
217,Ac,89,69 ns
217,Th,90,247 us
217,Pa,91,3.48 ms
217,U,92,800 us
218,Tl,81,200 ms
218,Pb,82,15 s
218,Bi,83,33 s
218,Po,84,3.098 m
218,At,85,1.5 s
218,Rn,86,33.75 ms
218,Fr,87,1.0 ms
218,Ra,88,25.2 us
218,Ac,89,1.00 us
218,Th,90,117 ns
218,Pa,91,113 us
218,U,92,550 us
219,Pb,82,10 s
219,Bi,83,8.7 s
219,Po,84,10.3 m
219,At,85,56 s
219,Rn,86,3.96 s
219,Fr,87,20 ms
219,Ra,88,10 ms
219,Ac,89,11.8 us
219,Th,90,1.021 us
219,Pa,91,53 ns
219,U,92,55 us
219,Np,93,<5 us
220,Pb,82,30 s
220,Bi,83,9.5 s
220,Po,84,40 s
220,At,85,3.71 m
220,Rn,86,55.6 s
220,Fr,87,27.4 s
220,Ra,88,17.9 ms
220,Ac,89,26.36 ms
220,Th,90,9.7 us
220,Pa,91,780 ns
220,U,92,60 ns
220,Np,93,30 ns
221,Bi,83,5 s
221,Po,84,2.2 m
221,At,85,2.3 m
221,Rn,86,25.7 m
221,Fr,87,4.801 m
221,Ra,88,28 s
221,Ac,89,52 ms
221,Th,90,1.78 ms
221,Pa,91,5.9 us
221,U,92,660 ns
221,Np,93,30 ns
222,Bi,83,2 s
222,Po,84,9.1 m
222,At,85,54 s
222,Rn,86,3.8215 d
222,Fr,87,14.2 m
222,Ra,88,33.6 s
222,Ac,89,5.0 s
222,Th,90,2.24 ms
222,Pa,91,3.2 ms
222,U,92,4.7 us
222,Np,93,700 ns
223,Bi,83,1 s
223,Po,84,1 m
223,At,85,50 s
223,Rn,86,24.3 m
223,Fr,87,22.00 m
223,Ra,88,11.4377 d
223,Ac,89,2.10 m
223,Th,90,600 ms
223,Pa,91,5.1 ms
223,U,92,21 us
223,Np,93,1 us
224,Bi,83,300 ms
224,Po,84,1 m
224,At,85,2.5 m
224,Rn,86,107 m
224,Fr,87,3.33 m
224,Ra,88,3.6319 d
224,Ac,89,2.78 h
224,Th,90,1.04 s
224,Pa,91,846 ms
224,U,92,396 us
224,Np,93,100 us
225,Po,84,20 s
225,At,85,2 m
225,Rn,86,4.66 m
225,Fr,87,3.95 m
225,Ra,88,14.9 d
225,Ac,89,9.920 d
225,Th,90,8.75 m
225,Pa,91,1.7 s
225,U,92,61 ms
225,Np,93,6 ms
226,Po,84,20 s
226,At,85,20 s
226,Rn,86,7.4 m
226,Fr,87,49 s
226,Ra,88,1.600 ky
226,Ac,89,29.37 h
226,Th,90,30.70 m
226,Pa,91,1.8 m
226,U,92,269 ms
226,Np,93,35 ms
227,Po,84,5 s
227,At,85,20 s
227,Rn,86,20.2 s
227,Fr,87,2.47 m
227,Ra,88,42.2 m
227,Ac,89,21.772 y
227,Th,90,18.697 d
227,Pa,91,38.3 m
227,U,92,1.1 m
227,Np,93,510 ms
227,Pu,94,20 ms
228,At,85,5 s
228,Rn,86,65 s
228,Fr,87,38 s
228,Ra,88,5.75 y
228,Ac,89,6.15 h
228,Th,90,1.9124 y
228,Pa,91,22 h
228,U,92,9.1 m
228,Np,93,61.4 s
228,Pu,94,2.1 s
229,At,85,5 s
229,Rn,86,11.9 s
229,Fr,87,50.2 s
229,Ra,88,4.0 m
229,Ac,89,62.7 m
229,Th,90,7.920 ky
229,Pa,91,1.50 d
229,U,92,57.8 m
229,Np,93,4.00 m
229,Pu,94,91 s
229,Am,95,1.8 s
230,Rn,86,10 s
230,Fr,87,19.1 s
230,Ra,88,93 m
230,Ac,89,122 s
230,Th,90,75.4 ky
230,Pa,91,17.4 d
230,U,92,20.23 d
230,Np,93,4.6 m
230,Pu,94,1.70 m
230,Am,95,40 s
231,Rn,86,300 ms
231,Fr,87,17.6 s
231,Ra,88,104 s
231,Ac,89,7.5 m
231,Th,90,25.52 h
231,Pa,91,32.76 ky
231,U,92,4.2 d
231,Np,93,48.8 m
231,Pu,94,8.6 m
231,Am,95,1 m
231,Cm,96,20 s
232,Fr,87,5.5 s
232,Ra,88,4.0 m
232,Ac,89,1.98 m
232,Th,90,14.0 Gy
232,Pa,91,1.32 d
232,U,92,68.9 y
232,Np,93,14.7 m
232,Pu,94,33.7 m
232,Am,95,1.31 m
232,Cm,96,10 s
233,Fr,87,900 ms
233,Ra,88,30 s
233,Ac,89,145 s
233,Th,90,21.83 m
233,Pa,91,26.975 d
233,U,92,159.2 ky
233,Np,93,36.2 m
233,Pu,94,20.9 m
233,Am,95,3.2 m
233,Cm,96,27 s
233,Bk,97,40 s
234,Ra,88,30 s
234,Ac,89,45 s
234,Th,90,24.10 d
234,Pa,91,6.70 h
234,U,92,245.5 ky
234,Np,93,4.4 d
234,Pu,94,8.8 h
234,Am,95,2.32 m
234,Cm,96,52 s
234,Bk,97,20 s
235,Ra,88,3 s
235,Ac,89,62 s
235,Th,90,7.2 m
235,Pa,91,24.4 m
235,U,92,704 My
235,Np,93,396.1 d
235,Pu,94,25.3 m
235,Am,95,10.3 m
235,Cm,96,5 m
235,Bk,97,1 m
236,Ac,89,4.5 m
236,Th,90,37.3 m
236,Pa,91,9.1 m
236,U,92,23.42 My
236,Np,93,153 ky
236,Pu,94,2.858 y
236,Am,95,3.6 m
236,Cm,96,6.8 m
236,Bk,97,2 m
237,Ac,89,4 m
237,Th,90,4.8 m
237,Pa,91,8.7 m
237,U,92,6.752 d
237,Np,93,2.144 My
237,Pu,94,45.64 d
237,Am,95,73.6 m
237,Cm,96,20 m
237,Bk,97,2 m
237,Cf,98,0.8 s
238,Th,90,9.4 m
238,Pa,91,2.28 m
238,U,92,4.468 Gy
238,Np,93,2.099 d
238,Pu,94,87.7 y
238,Am,95,98 m
238,Cm,96,2.2 h
238,Bk,97,2.40 m
238,Cf,98,21.1 ms
239,Th,90,2 m
239,Pa,91,1.8 h
239,U,92,23.45 m
239,Np,93,2.356 d
239,Pu,94,24.11 ky
239,Am,95,11.9 h
239,Cm,96,2.5 h
239,Bk,97,4 m
239,Cf,98,60 s
239,Es,99,1 s
240,Pa,91,2 m
240,U,92,14.1 h
240,Np,93,61.9 m
240,Pu,94,6.561 ky
240,Am,95,50.8 h
240,Cm,96,27 d
240,Bk,97,4.8 m
240,Cf,98,40.3 s
240,Es,99,1 s
241,Pa,91,2 m
241,U,92,5 m
241,Np,93,13.9 m
241,Pu,94,14.329 y
241,Am,95,432.6 y
241,Cm,96,32.8 d
241,Bk,97,4.6 m
241,Cf,98,2.35 m
241,Es,99,10 s
241,Fm,100,730 us
242,U,92,16.8 m
242,Np,93,2.2 m
242,Pu,94,375 ky
242,Am,95,16.02 h
242,Cm,96,162.8 d
242,Bk,97,7.0 m
242,Cf,98,3.49 m
242,Es,99,17.8 s
242,Fm,100,800 us
243,U,92,10 m
243,Np,93,1.85 m
243,Pu,94,4.956 h
243,Am,95,7.364 ky
243,Cm,96,29.1 y
243,Bk,97,4.6 h
243,Cf,98,10.7 m
243,Es,99,21.6 s
243,Fm,100,231 ms
244,Np,93,2.29 m
244,Pu,94,80.0 My
244,Am,95,10.1 h
244,Cm,96,18.10 y
244,Bk,97,5.02 h
244,Cf,98,19.4 m
244,Es,99,37 s
244,Fm,100,3.12 ms
245,Np,93,2 m
245,Pu,94,10.5 h
245,Am,95,2.05 h
245,Cm,96,8.25 ky
245,Bk,97,4.95 d
245,Cf,98,45.0 m
245,Es,99,1.1 m
245,Fm,100,4.2 s
245,Md,101,400 ms
246,Pu,94,10.84 d
246,Am,95,39 m
246,Cm,96,4.706 ky
246,Bk,97,1.80 d
246,Cf,98,35.7 h
246,Es,99,7.5 m
246,Fm,100,1.54 s
246,Md,101,0.92 s
247,Pu,94,2.27 d
247,Am,95,23.0 m
247,Cm,96,15.6 My
247,Bk,97,1.38 ky
247,Cf,98,3.11 h
247,Es,99,4.55 m
247,Fm,100,31 s
247,Md,101,1.2 s
248,Am,95,3 m
248,Cm,96,348 ky
248,Bk,97,>9 y
248,Cf,98,333.5 d
248,Es,99,24 m
248,Fm,100,34.5 s
248,Md,101,7 s
248,No,102,<2us
249,Am,95,1 m
249,Cm,96,64.15 m
249,Bk,97,327.2 d
249,Cf,98,351 y
249,Es,99,102.2 m
249,Fm,100,1.6 m
249,Md,101,23.4 s
249,No,102,57 us
250,Cm,96,8300 y
250,Bk,97,3.212 h
250,Cf,98,13.08 y
250,Es,99,8.6 h
250,Fm,100,30.4 m
250,Md,101,52 s
250,No,102,5.0 us
251,Cm,96,16.8 m
251,Bk,97,55.6 m
251,Cf,98,900 y
251,Es,99,33 h
251,Fm,100,5.30 h
251,Md,101,4.21 m
251,No,102,800 ms
251,Lr,103,150 us
252,Cm,96,1 m
252,Bk,97,1.8 m
252,Cf,98,2.645 y
252,Es,99,471.7 d
252,Fm,100,25.39 h
252,Md,101,2.3 m
252,No,102,2.45 s
252,Lr,103,369 ms
253,Bk,97,10 m
253,Cf,98,17.81 d
253,Es,99,20.47 d
253,Fm,100,3.00 d
253,Md,101,12 m
253,No,102,1.56 m
253,Lr,103,632 ms
253,Rf,104,13 ms
254,Bk,97,1 m
254,Cf,98,60.5 d
254,Es,99,275.7 d
254,Fm,100,3.240 h
254,Md,101,10 m
254,No,102,51.2 s
254,Lr,103,17.1 s
254,Rf,104,23.2 us
255,Cf,98,85 m
255,Es,99,39.8 d
255,Fm,100,20.07 h
255,Md,101,27 m
255,No,102,3.52 m
255,Lr,103,31.1 s
255,Rf,104,1.66 s
255,Db,105,1.7 s
256,Cf,98,12.3 m
256,Es,99,25.4 m
256,Fm,100,157.6 m
256,Md,101,30 m
256,No,102,2.91 s
256,Lr,103,27 s
256,Rf,104,6.67 ms
256,Db,105,1.7 s
257,Es,99,7.7 d
257,Fm,100,100.5 d
257,Md,101,5.52 h
257,No,102,24.5 s
257,Lr,103,6.0 s
257,Rf,104,4.82 s
257,Db,105,2.3 s
258,Es,99,3 m
258,Fm,100,370 us
258,Md,101,51.5 d
258,No,102,1.2 ms
258,Lr,103,3.6 s
258,Rf,104,13.8 ms
258,Db,105,4.5 s
258,Sg,106,2.7 ms
259,Fm,100,1.5 s
259,Md,101,1.60 h
259,No,102,58 m
259,Lr,103,6.2 s
259,Rf,104,2.63 s
259,Db,105,510 ms
259,Sg,106,402 ms
260,Fm,100,1 m
260,Md,101,27.8 d
260,No,102,106 ms
260,Lr,103,3.0 m
260,Rf,104,21 ms
260,Db,105,1.52 s
260,Sg,106,4.95 ms
260,Bh,107,41 ms
261,Md,101,40 m
261,No,102,3 h
261,Lr,103,39 m
261,Rf,104,2.2 s
261,Db,105,4.7 s
261,Sg,106,183 ms
261,Bh,107,12.8 ms
262,Md,101,3 m
262,No,102,~5 ms
262,Lr,103,~4 h
262,Rf,104,250 ms
262,Db,105,34 s
262,Sg,106,10.9 ms
262,Bh,107,84 ms
263,No,102,20 m
263,Lr,103,5 h
263,Rf,104,11 m
263,Db,105,29 s
263,Sg,106,940 ms
263,Bh,107,200 ms
263,Hs,108,760 us
264,No,102,1 m
264,Lr,103,10 h
264,Rf,104,1 h
264,Db,105,3 m
264,Sg,106,47 ms
264,Bh,107,1.07 s
264,Hs,108,540 us
265,Lr,103,10 h
265,Rf,104,1.6 m
265,Db,105,15 m
265,Sg,106,9.2 s
265,Bh,107,1.19 s
265,Hs,108,1.96 ms
265,Mt,109,2 ms
266,Lr,103,21 h
266,Rf,104,4 h
266,Db,105,80 m
266,Sg,106,390 ms
266,Bh,107,2.5 s
266,Hs,108,3.02 ms
266,Mt,109,1.2 ms
267,Rf,104,2.5 h
267,Db,105,100 m
267,Sg,106,1.8 m
267,Bh,107,22 s
267,Hs,108,55 ms
267,Mt,109,10 ms
267,Ds,110,10 us
268,Rf,104,1 h
268,Db,105,29 h
268,Sg,106,2 m
268,Bh,107,25 s
268,Hs,108,1.42 s
268,Mt,109,27 ms
268,Ds,110,100 us
269,Db,105,3 h
269,Sg,106,5 m
269,Bh,107,1 m
269,Hs,108,16 s
269,Mt,109,100 ms
269,Ds,110,230 us
270,Db,105,2.0 h
270,Sg,106,3 m
270,Bh,107,3.8 m
270,Hs,108,9 s
270,Mt,109,6.3 ms
270,Ds,110,205 us
271,Sg,106,3.1 m
271,Bh,107,10 m
271,Hs,108,10 s
271,Mt,109,400 ms
271,Ds,110,90 ms
272,Sg,106,4 m
272,Bh,107,11.3 s
272,Hs,108,10 s
272,Mt,109,400 ms
272,Ds,110,200 ms
272,Rg,111,4.5 ms
273,Sg,106,5 m
273,Bh,107,1 m
273,Hs,108,1060 ms
273,Mt,109,800 ms
273,Ds,110,240 us
273,Rg,111,2 ms
274,Bh,107,60 s
274,Hs,108,500 ms
274,Mt,109,850 ms
274,Ds,110,10 ms
274,Rg,111,29 ms
275,Bh,107,5 m
275,Hs,108,290 ms
275,Mt,109,117 ms
275,Ds,110,10 ms
275,Rg,111,5 ms
276,Hs,108,100 ms
276,Mt,109,630 ms
276,Ds,110,100 ms
276,Rg,111,10 ms
276,Cn,112,100 us
277,Hs,108,11 ms
277,Mt,109,9 s
277,Ds,110,6 ms
277,Rg,111,10 ms
277,Cn,112,850 us
278,Mt,109,7 s
278,Ds,110,270 ms
278,Rg,111,8 ms
278,Cn,112,2 ms
278,Nh,113,2.3 ms
279,Mt,109,30 s
279,Ds,110,210 ms
279,Rg,111,180 ms
279,Cn,112,5 ms
279,Nh,113,1 ms
280,Ds,110,11 s
280,Rg,111,4.3 s
280,Cn,112,5 ms
280,Nh,113,10 ms
281,Ds,110,14 s
281,Rg,111,24 s
281,Cn,112,180 ms
281,Nh,113,100 ms
282,Rg,111,1.6 m
282,Cn,112,900 us
282,Nh,113,140 ms
283,Rg,111,30 s
283,Cn,112,4.1 s
283,Nh,113,160 ms
284,Cn,112,104 ms
284,Nh,113,930 ms
284,Fl,114,3.3 ms
285,Cn,112,32 s
285,Nh,113,3.3 s
285,Fl,114,210 ms
286,Nh,113,7 s
286,Fl,114,140 ms
287,Nh,113,2 m
287,Fl,114,520 ms
287,Mc,115,95 ms
288,Fl,114,750 ms
288,Mc,115,170 ms
289,Fl,114,2.4 s
289,Mc,115,310 ms
289,Lv,116,2 ms
290,Mc,115,410 ms
290,Lv,116,8 ms
291,Mc,115,1 s
291,Lv,116,28 ms
291,Ts,117,2 ms
292,Lv,116,24 ms
292,Ts,117,10 ms
293,Lv,116,80 ms
293,Ts,117,21 ms
293,Og,118,1 ms
294,Ts,117,70 ms
294,Og,118,1.15 ms
295,Og,118,10 ms
